RecyclerID,Company Name,Info,Status,Type,Address,District,State
227,3R RECYCLER,Recycler,Approved by CPCB Authority,Authorization,"Plot No. A-61/1, Industrial Area, Sikandrabad, Bulandshahr, Uttar Pradesh- 203206 Uttar Pradesh Sikandrabad Bulandshahr",Bulandshahr,UTTAR PRADESH
9726,3R RECYCLER PRIVATE LIMITED ,Recycler,Approved by CPCB Authority,Authorization,"A-61/2 SIKANDRABAD UPSIDC INDUSTRIAL AREA,NEAR GOODLUCK CONTRACTOR SIKANDRABAD INDUSTRIAL AREA BULANDSHAHR Bulandshahr",Bulandshahr,UTTAR PRADESH
180,3R RECYCLER PVT. LTD.,Recycler,Approved by CPCB Authority,Authorization,"392, Sector-8, IMT Manesar, Gurgaon, Haryana 122050  Gurugaon Gurgaon",Gurgaon,HARYANA
207,4R Recycling Pvt Ltd,Recycler,Approved by CPCB Authority,Authorization,"Shed No A-5, 3rd Stage, Peenya Industrial area, Nelagadirenahalli, Peenya, Bangalore Bangalore",Bangalore,KARNATAKA
13790,ABAAD DEVELOPERS PRIVATE LIMITED,Recycler,Approved by CPCB Authority,Authorization,G1-747 RIICO INDUSTRIAL AREA CHOPANKI BHIWADI ALWAR RAJASTHAN 301019 ALWAR Alwar,Alwar,RAJASTHAN
126,Adatte E-Waste Management Pvt. Ltd,Recycler,Approved by CPCB Authority,Authorization,"F-120, Karoli Industrial Area Tapukara Extension Alwar Alwar",Alwar,RAJASTHAN
282,Adinath Recyclotronix Private Limited,Recycler,Approved by CPCB Authority,Authorization,Plot No 361 Industrial Estate HSIIDC Refinery Road  Panipat Panipat,Panipat,HARYANA
13837,ADS Recycling Private Limited,Recycler,Approved by CPCB Authority,Authorization,"Khasra No. 760,761,752,763 Peepli Khera road, Village Allipur Jijmana, Kharkhoda Meerut Meerut",Meerut,UTTAR PRADESH
223,ADV METAL COMBINE PVT. LTD.,Recycler,Pending at applicant,Authorization,SHED 25 BIGC RASMADA  DURG Durg,Durg,CHHATTISGARH
9447,AER WORLDWIDE INDIA PVT LTD,Recycler,Approved by CPCB Authority,Authorization,"774 Eladhanderi, Sadayankuppam Village, Manali New Town (Near Andarkuppam Checkpost) Chennai Tiruvallur",Tiruvallur,TAMIL NADU
2727479,AIRECO RECYCLERS PRIVATE LIMITED,Recycler,Approved by CPCB Authority,Authorization,"KHASHRA NO -192M , SADAR , SIKHERA , MUZAFFAR NAGAR DIST MUZAFFAR NAGER MUZAFFAR NAGER Muzaffarnagar",Muzaffarnagar,UTTAR PRADESH
1650763,A K M RECYCLERS,Recycler,Pending at applicant,Authorization,"WARE HOUSE NO.467/1,S.NO.180/12/1 VILLAGE DHANSAR PANVEL Raigarh(MH)",Raigarh(MH),MAHARASHTRA
210,AKSHA RECYCLING AND WASTE MANAGEMENT PRIVATE LIMITED,Recycler,Approved by CPCB Authority,Authorization,"876, 1193-1195, 7.5 KM. JANSATH ROAD, VILL.- SHER NAGAR, GAUTAM BUDH NAGAR, MUZAFFARNAGAR, Muzaffarnagar",Muzaffarnagar,UTTAR PRADESH
12555,ALCHEMY RECYCLERS PRIVATE LIMITED,Recycler,Pending at CPCB,Authorization,"RS NO. 634/PAIKI P-2, MOJE MANJUSAR LAMDAPURA VILLAGE ROAD, TAL. SAVLI, DIST. VADODARA VADODARA Vadodara",Vadodara,GUJARAT
9681,ALFA TRADING COMPANY,Recycler,Pending at applicant,Authorization,"Mohd Estate, Pimpri Dahisar Mori, Mumbra Panvel Road Thane Thane",Thane,MAHARASHTRA
6936,Aman E Waste Recyclers Pvt LTD,Recycler,Approved by CPCB Authority,Authorization,S No 20/5 Plot No 79 to 89 Aamgaon Talasari Palghar Thane,Thane,MAHARASHTRA
14125,ANJANI EWASTE RECYCLING,Recycler,Approved by CPCB Authority,Authorization,"Plot No. 101 Lohardaga Industrial Area, RIADA Lohardaga Lohardaga",Lohardaga,JHARKHAND
274,Anmol Paryavaran Sanrakshan Samiti,Recycler,Approved by CPCB Authority,Authorization,"Kh. No. 85/2,87/1, Anmol Paryavaran Sanrakshan Samiti, Daulatpur ,Hazratpur Urf Budhwasahid, Tahsil- Roorkee Haridwar Haridwar",Haridwar,UTTARAKHAND
246,Anubahv e-waste recycler india llp,Recycler,Pending at applicant,Authorization,f-44 upsida industrial area kosi kotwan ext-1 mathura Mathura,Mathura,UTTAR PRADESH
2794332,ANVIANI SUSTAINABLE RECYCLING LLP,Recycler,Approved by CPCB Authority,Authorization,"PLOT NO. F3 UPSIDA INDUSTRIAL AREA, GOPALPUR SIKANDRABAD Bulandshahr",Bulandshahr,UTTAR PRADESH
9215,Aptus E Waste Recycling pvt ltd ,Recycler,Approved by CPCB Authority,Authorization,No 68 B HOOTGALLI INDUSTRIAL AREA Mysore Mysore,Mysore,KARNATAKA
5358,ARIHANT E RECYCLING PRIVATE LIMITED,Recycler,Approved by CPCB Authority,Authorization,"GUT NO 307/1,, DONDAICHA, AT POST DONDAICHA, CITY DONDAICHA-WARWADE, Dhule, Maharashtra, 425408  DHULE Dhule",Dhule,MAHARASHTRA
33995,Arlington Information Systems Pvt Ltd,Recycler,Pending at applicant,Authorization,"C-13, Site IV Sahibabad Industrial Area Ghaziabad Ghaziabad",Ghaziabad,UTTAR PRADESH
2707222,ARP RECYCLING PRIVATE LIMITED,Recycler,Pending at applicant,Authorization,"KHASRA NO.399, RELIANCE ROAD PANCHSHEEL NAGAR HAPUR Hapur",Hapur,UTTAR PRADESH
753493,AR RECYCLERS PRIVATE LIMITED,Recycler,Approved by CPCB Authority,Authorization,"KHASRA NO 1775,JAULI JANSATH PARGANA,NAGLA BUZURG MUZAFFARNAGAR,UTTAR PRADESH 251308 MUZAFFARNAGAR Muzaffarnagar",Muzaffarnagar,UTTAR PRADESH
58995,ARSH RECYCLING PRIVATE LIMITED,Recycler,Approved by CPCB Authority,Authorization,F-203 UPSIDC INDUSTRIAL AREA MG ROAD GHAZIABAD GHAZIABAD HAPUR Hapur,Hapur,UTTAR PRADESH
526563,Ash Recyclers,Recycler,Pending at applicant,Authorization,Unit 2 B-3 KSSIDC Industrial Estate Hosakote Bangalore,Bangalore,KARNATAKA
6142,ASNCO INDIA PVT LTD,Recycler,Approved by CPCB Authority,Authorization,"KH.150151,207,211,212,213,394,199,200 VILLAGE-KHUJNAWAR SAHARANPUR Saharanpur",Saharanpur,UTTAR PRADESH
7709,ATTERO RECYCLING PRIVATE LIMITED,Recycler,Approved by CPCB Authority,Authorization,KHASRA NO 173 RAIPUR INDUSTRIAL AREA BHAGWANPUR DIST HARIDWAR ROORKEE Haridwar,Haridwar,UTTARAKHAND
220,BASANT CLEANENVIRO LIMITED,Recycler,Approved by CPCB Authority,Authorization,"Plot No 67 GIDC Kadi, Kadi Budasan Road Kadi Mahesana",Mahesana,GUJARAT
7826,BEIL INFRASTRUCTURE LIMITED,Recycler,Approved by CPCB Authority,Authorization,PLOT NO 9701-16 GIDC ESTATE ANKLESHWAR Bharuch,Bharuch,GUJARAT
204,BEST E-WASTE RECYCLERS PRIVATE LIMITED,Recycler,Approved by CPCB Authority,Authorization,KIADB INDUSTRIAL AREA 2nd CROSS NO 459 VASANTHNARSAPURA KORA TUMKUR TUMKUR Tumkur,Tumkur,KARNATAKA
5187,Bhangarwala Waste Management Pvt Ltd,Recycler,Approved by CPCB Authority,Authorization,New Survey No-80/2 Plot No-13  JUNA Survey No-245 Dahishar Mori  Walivali Thane Thane,Thane,MAHARASHTRA
13931,BHANU METAL INDUSTRIES,Recycler,Approved by CPCB Authority,Authorization,"Khamar  P.O-Rajarhat-Bishnupur, P.S-Rajarhat, 24 Parganas North P.S-Rajarhat, 24 Parganas North Bishnupur North 24 Parganas",North 24 Parganas,WEST BENGAL
5088,BHARAT OIL AND WASTE MANAGEMENT LTD.,Recycler,Pending at applicant,Authorization,"Bharat Oil &amp; Waste Management Limited Mauza Mukimpur, Roorkee Lakshar Road Roorkee Haridwar",Haridwar,UTTARAKHAND
5267,BHARAT OIL COMPANY (I) REGD.,Recycler,Pending at applicant,Authorization,"BHARAT OIL COMPANY (INDIA) REGD. E-18, Site-IV, Sahibabad Industrial Area, Ghaziabad Ghaziabad",Ghaziabad,UTTAR PRADESH
2827352,BINBAG RECYCLING SERVICES PVT LTD,Recycler,Approved by CPCB Authority,Authorization,INDUSTRIAL ESTATE NATHKUCHI TIHU TIHU Nalbari,Nalbari,ASSAM
7494,Binbay Recycling Private Limited,Recycler,Approved by CPCB Authority,Authorization,"Binbay House. Survey  No 48. Unit No 1.2.3.6.7 Agarwal Industrial Premises, Village- Gauraipada, Vasai East Thane",Thane,MAHARASHTRA
14694,BLACK DIAMOND CEMENTS PRIVATE LIMITED,Recycler,Pending at applicant,Authorization,"Vill- Humainpur, Naraingarh Road Lalru SAS Nagar, Punjab Mohali Mohali",Mohali,PUNJAB
281,Bright E Waste Recycling india,Recycler,Approved by CPCB Authority,Authorization,Khasra num 512 village Ganeshpur Tehsil Mawana Distt. Meerut Mawana Meerut,Meerut,UTTAR PRADESH
7979,BRP INFOTECH PVT LTD,Recycler,Approved by CPCB Authority,Authorization,F-381 UPSIDC INDU AREA PHASE-1 MG ROAD HAPUR HAPUR Hapur,Hapur,UTTAR PRADESH
7549,BRP INFOTECH PVT LTD,Recycler,Approved by CPCB Authority,Authorization,F-394 UPSIDC INDU AREA PHASE-1 MASSURI GULAWATI ROAD HAPUR-245101  HAPUR Ghaziabad,Ghaziabad,UTTAR PRADESH
1120219,B.S.M.R METALS,Recycler,Approved by CPCB Authority,Authorization,"Plot No 6, 2nd Main Road 2nd Cross KSSIDC Industrial area Veersandra 2nd stage Attibele hobli Bangalore Bangalore",Bangalore,KARNATAKA
1709467,CARBIOS ECO WASTE MANAGEMENT PRIVATE,Recycler,Approved by CPCB Authority,Authorization,"Nelamangala, Plot No 30-P4-1, In Sy. no. Part of 63 & 104 Dabaspel1 Phase Industrial Area, Yedehall, Sompura Nelamangala Nelamangala Bangalore",Bangalore,KARNATAKA
7657,Cerebra Integrated Technologies Ltd,Recycler,Approved by CPCB Authority,Authorization,"Cerebra Integrated Technologies Ltd. Plot No 41 to 46 KIADB Industrial Rd, Appasandra Village, Narsapura Hobli, Narasapura Kolar Kolar",Kolar,KARNATAKA
8392,Circularity Solutions Private Limited,Recycler,Approved by CPCB Authority,Authorization,"Khasra No.95, 96 Sekhera Road Modinagar Ghaziabad",Ghaziabad,UTTAR PRADESH
2686709,"Circularity Solutions Pvt Ltd, Nashik",Recycler,Pending at applicant,Authorization,Gut No 21/1 Sarul Nashik Nashik,Nashik,MAHARASHTRA
187,CLEAN INDIA RECYCLING PVT LTD,Recycler,Approved by CPCB Authority,Authorization,"KHASRA NO-737,738,739,VILLAGE BIJOLI PARGANA SARAVA PIPLI KHEDA MEERUT  MEERUT Meerut",Meerut,UTTAR PRADESH
9418,COMMUNICATIONS TEST DESIGN INDIA PRIVATE LIMITED,Recycler,Approved by CPCB Authority,Authorization,"NO. 48, 2ND PHASE, PEENYA INDUSTRIAL AREA PEENYA Bengaluru (Bangalore) Urban Bangalore",Bangalore,KARNATAKA
27214,COMNET E WASTE LLP,Recycler,Pending at applicant,Authorization,Gat No 410 Hajare Wasti Kaudgaon Tal Dist Ahmednagar 414002 Ahmednagar Ahmed Nagar,Ahmed Nagar,MAHARASHTRA
185,Coral Communications and Networks P Ltd,Recycler,Approved by CPCB Authority,Authorization,"8E, KIADB INDUSTRIAL ESTATE, HOSKOTE INDUSTRIAL AREA, BANGALORE-562114 Bangalore Bangalore Bangalore Rural",Bangalore Rural,KARNATAKA
501676,COSMOS RECYCLING PRIVATE LIMITED,Recycler,Approved by CPCB Authority,Authorization,"MULLANPUR ROAD, LHS, OPPOSITE DASHMESH DHARAM KANDA VPO HAMBRAN, LUDHIANA LUDHIANA Ludhiana",Ludhiana,PUNJAB
114,Cynosure Recycling Private Limited,Recycler,Approved by CPCB Authority,Authorization,"Khasra No. 64, Village Peeplikhera, Pargana Sarawa, Meerut, Uttar Pradesh, 250002  Meerut Meerut",Meerut,UTTAR PRADESH
1726844,Cynosure Recycling Private Limited-Unit II(HYD,Recycler,Approved by CPCB Authority,Authorization,"Survey No 3/LU/1,3/RU,3/LU,303/AA, Hari OM Pipes Road Kethireddypally Village Grampanchayat,Balanagar Mandal, Mahabubnagar Hyderabad Mahabub Nagar",Mahabub Nagar,TELANGANA
14718,DESHWAL WASTE MANAGEMENT PVT LTD,Recycler,Approved by CPCB Authority,Authorization,PLOT NO 15 SECTOR 5 IMT MANESAR GURGAON GURUGRAM HARYANA 122052 PLOT NO 15 SECTOR 5 IMT MANESAR GURGAON GURUGRAM HARYANA 122052 GURGAON GURUGRAM Gurgaon,Gurgaon,HARYANA
9735,DRON E WASTE SOLUTION,Recycler,Pending at applicant,Authorization,"Plot No. 56, GIDC Gozariya  Gozariya Mahesana",Mahesana,GUJARAT
5234,DUSTMAN WASTE MANAGEMENT & RECYCLING PVT,Recycler,Approved by CPCB Authority,Authorization,"No 176/1, MAMBAKKAM VILLAGE, SRIPERUMBUDUR TALUK,  KANCHIPURAM DISTRICT Kanchipuram",Kanchipuram,TAMIL NADU
2814474,E2E RECYCLING BUSINESS PRIVATE LIMITED,Recycler,Approved by CPCB Authority,Authorization,"PLOT NO 281,2ND PHASE, VASANTHANARASAPURA INDUSTRIAL AREA VASANTHANARASAPURA , KORATAGERE, TUMAKURU TUMAKURU Tumkur",Tumkur,KARNATAKA
9679,Eali Recyclers ,Recycler,Approved by CPCB Authority,Authorization,"Near Pirana Gate, Survey No 730 Old Survey No 225 Plot No 3, Giriraj Industrial Park 2, Ode-Paldi Kankaj Road, Tal Daskroi, Paldi Kankaj, Ahmedabad, Gujarat, 382210 AHMEDABAD Ahmedabad",Ahmedabad,GUJARAT
12536,EARTH CARE E-WASTE PRIVATE LIMITED,Recycler,Approved by CPCB Authority,Authorization,"15,Sy.No.37,1st Phase, Kengeri Hobali, Kumbalgudu Industrial Area Bengaluru 15,Sy.No.37,1st Phase, Kengeri Hobali, Kumbalgudu Industrial Area Bengaluru Bangalore Bangalore",Bangalore,KARNATAKA
112,Earth Sense Recycle Private Limited,Recycler,Approved by CPCB Authority,Authorization,"Plot No:37, TSIIC Industrial Park, Mankal, Maheshwaram (M), Rangareddy District Hyderabad K.V.Rangareddy",K.V.Rangareddy,TELANGANA
7647,Earth Sense Recycle Private Limited,Recycler,Approved by CPCB Authority,Authorization,"Printech Park Cluster 1st Phase, Plot No A17, Kanakapura Taluk, KIADB Industrial Area Harohally Village Han KIADB Industrial Area, Harohalli, Ramanagara, Karnataka, 562112 Bangalore Bangalore Rural",Bangalore Rural,KARNATAKA
8019,EARTHZONE RECYCLING PRIVATE LIMITED,Recycler,Approved by CPCB Authority,Authorization,"Khasra no - 788,790B, Hapur Road ALLIPUR JIMJMANA, MEERUT MEERUT Meerut",Meerut,UTTAR PRADESH
6755,E Box Recyclers,Recycler,Approved by CPCB Authority,Authorization,Shed No B-3 KSSIDC Industrial Area Veerasandra 2nd Stage Huskur Road Electronic City Bangalore Bangalore,Bangalore,KARNATAKA
231,Eco Fly Ewaste Recycling Pvt. Ltd,Recycler,Approved by CPCB Authority,Authorization,"Khasra No-26 -Village -Pipli Khera, Bhamanpura Road, Phaphunda, Uttar Pradesh  Merrut Meerut",Meerut,UTTAR PRADESH
8911,Eco Friend Industries,Recycler,Approved by CPCB Authority,Authorization,"A205 TTC MIDC Thane Belapur Rd., Pawane Navi Mumbai Thane",Thane,MAHARASHTRA
14014,ECO GLOBE E WASTE RECYCLERS,Recycler,Approved by CPCB Authority,Authorization,"Ground floor No-87, 2nd phase2nd sector Bidadi Industrial Area Ramanagara Ground floor No-87, 2nd phase2nd sector Bidadi Industrial Area Ramanagara Ramanagar Ramanagar",Ramanagar,KARNATAKA
236,ECO GREEN RECYCLING,Recycler,Pending at applicant,Authorization,"PLOT N0.4, NEAR DYNAMIC TEXTILE OZAR ROAD, MOTA PONDHA VALSAD Valsad",Valsad,GUJARAT
5486,ECO GREEN RECYCLING PRIVATE LIMITED,Recycler,Approved by CPCB Authority,Authorization,"Khasra No.193/1, 199/1 and 199/2,, Noorpur Bangar Bajna, Tehsil Maant, Mathura, Uttar Pradesh, 281201 Noorpur Bangar Bajna, Tehsil Maant Mathura Mathura",Mathura,UTTAR PRADESH
17166,Ecolayer E Waste Recycling,Recycler,Approved by CPCB Authority,Authorization,"GALA NO 2 OPP. MATHURA HOTEL VILLAGE POMAN, VASAI PALGHAR, POMAN,PALGHAR VASAI Mumbai",Mumbai,MAHARASHTRA
118,ECOLI WASTE MANAGEMENT PVT LTD,Recycler,Approved by CPCB Authority,Authorization,"Plot No. 87 to 92, Sabar Industrial Park Pvt Ltd Vill: Asal, Tal: Bhiloda, Dist: Arvalli BHILODA Sabarkantha",Sabarkantha,GUJARAT
198,ECO RECYCLING LIMITED,Recycler,Approved by CPCB Authority,Authorization,"Eco House, S No 22, H No 6 and 7, Near Top Glass Enclave, Bhoidapada Near Range Office, Sativali Road, Vasai East, Dist Palghar Vasai Thane",Thane,MAHARASHTRA
21320,Eco Recycling Limited Plant 2,Recycler,Approved by CPCB Authority,Authorization,"Eco Recycling Limited, Bldg No. 1, Plot No. 5 S. No. 30B, Village Gokhiware, Vasai (E), Tal. Vasai, Dist. Palghar - 401208 Mumbai Mumbai",Mumbai,MAHARASHTRA
182,ECO RESET PRIVATE LIMITED,Recycler,Approved by CPCB Authority,Authorization,"Plot No.-19/1, Village-Bhowari, Tal.-Kamptee, District-Nagpur nagpur Nagpur",Nagpur,MAHARASHTRA
168,Eco Saviour E Waste Management Pvt. Ltd.,Recycler,Approved by CPCB Authority,Authorization,C-351 352 API Industrial Park Tauru Bilaspur Road Bilaspur Gurgaon,Gurgaon,HARYANA
8972,ECOSTAR RECYCLING,Recycler,Approved by CPCB Authority,Authorization,GARIB NAWAZ ESTATE HISSA NO 2/A FACTORY NO 642 SURVEY NO 8 TALOJA MIDC ROAD DAHISAR WAKLAN ROAD DHISAR MORI THANE Thane,Thane,MAHARASHTRA
8018,ECOTIME INDUSTRIES,Recycler,Approved by CPCB Authority,Authorization,"Plot No 98 and 99 Sparkle Industrial  Estate Vill-Chokhad, Tal-Jalalpore navsari Navsari",Navsari,GUJARAT
14372,ECO TREND RECYCLERS,Recycler,Approved by CPCB Authority,Authorization,No 81/a and 82/a Khata no 5/2 and 5/3 Kachohalli Village and Industrial Estate lakshmipur post Dasanapura hobli BENGALURU Bangalore Rural,Bangalore Rural,KARNATAKA
8160,Ecoverva E waste Recycling Private Limit,Recycler,Approved by CPCB Authority,Authorization,M/s Ecoverva Ewaste Recycling Pvt Ltd C-356 Ansal Pioneer Industrial Park  Pahreri Gurugram Gurgaon,Gurgaon,HARYANA
242,Ecoverva E-Waste Recycling Private Limited,Recycler,Approved by CPCB Authority,Authorization,"Plot No. B-124, Pioneer Industrial Park Pathredi,Manesar, Bilaspur Kalan Gurugram Gurgaon",Gurgaon,HARYANA
7748,Ecoverva Ewaste Recycling Pvt Ltd,Recycler,Approved by CPCB Authority,Authorization,"ECOVERVA E WASTE RECYCLING PRIVATE LIMITED Rectangle No 25, 26, Khata No 439/468, Killa No 1/2, 2/2, 3/2,4/2,5/2, Delhi Jaipur Expressway, Shaheed Amar Singh Public School, Rathiwas ,Manesar Gurgaon Gurgaon",Gurgaon,HARYANA
570587,ECO VITA RECYCLING LLP,Recycler,Approved by CPCB Authority,Authorization,"KH NO.112M ETC,KARNAL ROAD BUDHANA, SARAI LOI SARAI, BUDHANA MUZAFFARNAGAR Muzaffarnagar",Muzaffarnagar,UTTAR PRADESH
1714497,ECO WORKS MANAGEMENT Pvt Ltd,Recycler,Pending at CPCB,Authorization,"KHASRA NO. 661,662, MOUZA NANOWAL, PO- KHERA, TEHSHIL- NALAGARH, MOUZA NANOWAL  SOLAN Solan",Solan,HIMACHAL PRADESH
13985,E CYCLE SOLUTIONS PRIVATE LIMITED,Recycler,Approved by CPCB Authority,Authorization,"Ward D, Block No.0015, Town Survey No.8, Plot No.48B (N.P),Pattravakkam village Ambattur Industrial Estate  Chennai Tiruvallur",Tiruvallur,TAMIL NADU
9008,EDHINI RECYCLING PRIVATE LIMITED,Recycler,Approved by CPCB Authority,Authorization,"Khasra No-607 M, Village Achronda, Partapur, Meerut, MEERUT Meerut",Meerut,UTTAR PRADESH
510354,E-FRIENDLY WASTE RECYCLERS,Recycler,Approved by CPCB Authority,Authorization,"NO-17, 1ST CROSS, AZEEZ SAIT INDUSTRIAL TOWN, NAYANDAHALLI  BENGALURU Bangalore",Bangalore,KARNATAKA
197,E-FRONTLINE RECYCLING PVT LTD,Recycler,Approved by CPCB Authority,Authorization,C-1/B-905/9 Panoli GIDC Ankleshwar Bharuch,Bharuch,GUJARAT
31,EGNUS EWASTE SOLUTIONS PRIVATE LIMITED,Recycler,Approved by CPCB Authority,Authorization,"PLOT NO. / SURVAY NO. 31 VILLAGE - MOTWAN ,TA - ANKLESHWAR ANKLESHWAR Bharuch",Bharuch,GUJARAT
1353592,Egreen Dust,Recycler,Approved by CPCB Authority,Authorization,KHASRA NO 31/20/2 & 21 Village Goyala  Taoru Mewat,Mewat,HARYANA
9111,E HASIRU,Recycler,Approved by CPCB Authority,Authorization,NO 168 B 7TH MAIN ROAD 3RD PHASE  PEENYA INDUSTRIAL AREA BANGALORE Bangalore,Bangalore,KARNATAKA
8851,E INCARNATION RECYCLING PVT LTD,Recycler,Approved by CPCB Authority,Authorization,"Ground Floor, J-56 MIDC Area, Boisar Palghar Road, Opp. Salco Extrusion, Tarapur MIDC, Boisar, Palghar Palghar Thane",Thane,MAHARASHTRA
5640,Electro Alloys Recycling & Transformation Hub,Recycler,Approved by CPCB Authority,Authorization,"Plot no. 301/13, GIDC Palej,  Palej Bharuch",Bharuch,GUJARAT
7559,ELECTROFINE RECYCLING OPC PVT LTD,Recycler,Approved by CPCB Authority,Authorization,GUT NO 386 VILLAGE SHINDI KHURD TAL MAAN DIST SATARA SATARA Satara,Satara,MAHARASHTRA
8318,ELECTRONIC WASTE INDIA,Recycler,Approved by CPCB Authority,Authorization,"CHHUTMALPUR, VILL KHUJNAWAR, KALASIA ROAD, SAHARANPUR, Saharanpur, Uttar Pradesh, 247001  SAHARANPUR Saharanpur",Saharanpur,UTTAR PRADESH
7345,Electro Waste Solutions,Recycler,Approved by CPCB Authority,Authorization,Plot No 631 GIDC Halol Halol Panch Mahals,Panch Mahals,GUJARAT
63192,ELGREEN METEX PRIVATE LIMITED,Recycler,Approved by CPCB Authority,Authorization,"C-11, Site-4, Kasna Industrial Area, greater Noida Uttar Pradesh 201306 ,GAUTAM BUDDHA NAGAR,201306 C-11, Site-4, Kasna Industrial Area, greater Noida Uttar Pradesh 201306 ,GAUTAM BUDDHA NAGAR,201306 Greater Noida Gautam Buddha Nagar",Gautam Buddha Nagar,UTTAR PRADESH
5355,ELGREEN RECYCLING PRIVATE LIMITED,Recycler,Pending at applicant,Authorization,"Plot no. G 33, Sector 63, Industrial Area, Noida, Uttar Pradesh, GAUTAM BUDHNAGAR, 201301  Plot no G 33 Sector 63 Industrial Area Noida Uttar Pradesh GAUTAM BUDHNAGAR 201301 Gautam Buddha Nagar",Gautam Buddha Nagar,UTTAR PRADESH
6684,ELIFECYCLE MANAGEMENT PVT LTD,Recycler,Approved by CPCB Authority,Authorization,"Sy No 468, 470, 471 and 472, Theegapur Village, Kothur Rangreddy District HYDERABAD Hyderabad",Hyderabad,TELANGANA
5081,Elxion Private Limited,Recycler,Approved by CPCB Authority,Authorization,Elxion Recycling Property No 157/133/2 Sy No 210/7 Gabbadi Village Kanakapura Road  Harohalli Industrial  Area Ramanagara  Harohalli Ramanagar,Ramanagar,KARNATAKA
7675,ENDEAVOR RECYCLERS INDIA PRIVATE LIMITED,Recycler,Approved by CPCB Authority,Authorization,"71//14/2/2, 71//15/1, Village- Hassangarh Tehsil- Sampla, District- Rohtak, Haryana-124404 ROHTAK ROHTAK Rohtak",Rohtak,HARYANA
6575,Enviro Green Recycling,Recycler,Approved by CPCB Authority,Authorization,Plot No 736-737 Village Tarsadi Surat Surat,Surat,GUJARAT
284,EnviroKare Recycling Solutions Pvt. Limited,Recycler,Approved by CPCB Authority,Authorization,"Sy. No.402, Raikal (V) Farooqnagar (M) Rangareddy K.V.Rangareddy",K.V.Rangareddy,TELANGANA
90423,Enviropro Sustainability Private Limited,Recycler,Pending at applicant,Authorization,"Sy No 159U, No-8-155AA/A1, Kothur(V), Kothur(M Rangareddy District Rangareddy K.V.Rangareddy",K.V.Rangareddy,TELANGANA
58659,ENVITECH RECYCLING PRIVATE LIMITED,Recycler,Approved by CPCB Authority,Authorization,"KHASRA NO 775, INDUSTRIAL AREA, HAPUR ROAD ALLIPUR JIJMANA MEERUT UTTAR PRADESH 245206 MEERUT Meerut",Meerut,UTTAR PRADESH
577983,Epragathi Recycle Private Limited,Recycler,Pending at applicant,Authorization,"No.F 29,SKS Industrial Area,Sri MadhopurTehsil,Sikar,Jaipur, Rajasthan332404  Ringus Sikar",Sikar,RAJASTHAN
129,E-Pragathi Recycling,Recycler,Approved by CPCB Authority,Authorization,"66,Plot no 66, Shed C &amp; D , Road No 18 Antharasanahally II Phase Ind Area, Antharasanahalli, Tumkur Tumkur",Tumkur,KARNATAKA
123,E-pragathi Recycling Pvt Ltd,Recycler,Approved by CPCB Authority,Authorization,"Plot No. 564, Survey No. 55,52, II Phase Industrial Area, Yalladadalu Hobli, Kora, Vasanthanarasapura, Tumkur 572138 Tumkur Tumkur",Tumkur,KARNATAKA
268,EPSILON CIRCULAR INFRASTRUCTURE PRIVATE LIMITED,Recycler,Approved by CPCB Authority,Authorization,"Khata No-00195, Khasara No-1801/1 Rataul Khekada Bagpat",Bagpat,UTTAR PRADESH
7224,ER3 SOLUTIONS PRIVATE LIMITED,Recycler,Approved by CPCB Authority,Authorization,"Plot No 105, Road No 3, KIADB Bengaluru IT Park, Mahadevakodigehalli, Bengaluru, Bengaluru Urban, Karnataka, 562149 Bengaluru Bangalore",Bangalore,KARNATAKA
8849,E SCRAPPY RECYCLERS,Recycler,Approved by CPCB Authority,Authorization,106 Andharahalli Main Road Byraveshwara Industrial estate near shushruthi bank Peenya 2nd stage Bengaluru Bangalore,Bangalore,KARNATAKA
64004,E SURVIVAL RECYCLING PRIVATE LIMITED,Recycler,Approved by CPCB Authority,Authorization,"195/1C Chincholikati, NH465 Chincholikati Mohol Solapur Solapur",Solapur,MAHARASHTRA
7987,ETCO EWASTE RECYCLER PRIVATE LIMITED,Recycler,Approved by CPCB Authority,Authorization,"SB-22-23, SHILP BARI, ROAD NO. 14, VKI AREA, jaipur Jaipur",Jaipur,RAJASTHAN
7678,E TECH E WASTE RECYCLING,Recycler,Approved by CPCB Authority,Authorization,"SY NO.1096 NANDIGAMA, Nandigam Hyderabad K.V.Rangareddy",K.V.Rangareddy,TELANGANA
2873460,E TREE TECHNOLOGIES,Recycler,Pending at applicant,Authorization,"PLOT NO. S-65/1, SY.NO.76/P & 77/P, E CITY, MAHESHWARAM RANGA REDDY DISTRICT HYDERABAD K.V.Rangareddy",K.V.Rangareddy,TELANGANA
162,evergreen e-waste management private ltd,Recycler,Approved by CPCB Authority,Authorization,"plot no 30 kamla amrut industrial park , Ph-2, Budasan Kadi Mahesana",Mahesana,GUJARAT
7576,Evergreen e waste Management Pvt Ltd,Recycler,Pending at applicant,Authorization,plot 30 Kamla Amrut Industrial Park Budasan Budasan Kalol Mahesana,Mahesana,GUJARAT
8645,EVER GREEN EWASTE RECYCLING MANAGEMENT,Recycler,Pending at applicant,Authorization,"C/o Hasmat Ali, Rampur Mathura, Mehmodabad Sitapur Sitapur",Sitapur,UTTAR PRADESH
297,Evergreen Recyclekaro India Private Limited,Recycler,Approved by CPCB Authority,Authorization,"GROUND FLOOR, UNIT NO-8, BUILDING NO 5, SECTOR 3 MILLENIUM BUSINESS PARK, MAHAPE NAVI MUMBAI, Thane, Maharashtra Navi Mumbai Thane",Thane,MAHARASHTRA
8158,E WARDD and  CO,Recycler,Approved by CPCB Authority,Authorization,"NO.11, MUTHACHARI INDUSTRIAL  AREA, NAYANDANAHALLI CHANDRALAYOUT, Bangalore Karnataka, 560039 Bangalore Bangalore",Bangalore,KARNATAKA
134,E-Waste Recyclers India,Recycler,Approved by CPCB Authority,Authorization,"INDUSTRIAL SHED NO. 15, , ROZKA MEO INDUSTRIAL AREA, NUH, Mewat, Haryana, 122103  NUH, Mewat Mewat",Mewat,HARYANA
5415,E-Waste Recyclers India ,Recycler,Approved by CPCB Authority,Authorization,"Khasra No. 266, 110 K. M. Mile Stone, Delhi-Agra Highway NH-2, Tehsil-Chhata, DisttMathura,MATHURA,281403  Mathura Mathura",Mathura,UTTAR PRADESH
273,E-Waste Recyclers India (Unit 3),Recycler,Approved by CPCB Authority,Authorization,"E-50 UPSIDC INDUSTRIAL AREA KOSI KOTWAN, KOSI, MATHURA UTTAR PRADESH 281403  MATHURA Mathura",Mathura,UTTAR PRADESH
68,E WASTE SOLUTIONS,Recycler,Approved by CPCB Authority,Authorization,"KHASRA NO 8//16, 17/1, 25/1, VILLAGE KHASRUPUR Kusli pur PALWAL Palwal",Palwal,HARYANA
7474,Exigo Recycling Private Limited,Recycler,Approved by CPCB Authority,Authorization,"Barsat Road, Village Barsat, Near Victor School Karnal Karnal Karnal",Karnal,HARYANA
149,EXIGO RECYCLING PVT LTD,Recycler,Approved by CPCB Authority,Authorization,Opposite Kirpal Ashram Main Barsat Road PANIPAT Panipat,Panipat,HARYANA
159,Eximo Recycling Pvt Ltd,Recycler,Pending at applicant,Authorization,"5/3 Raj Industrial Park, Jarod Samlaya Road Village Vadadala Taluka Savli Vadodara Vadodara",Vadodara,GUJARAT
6559,EXSTRAT,Recycler,Pending at applicant,Authorization,No 14 Attibele Industrial Area Attibele Hobli Bengaluru Bangalore,Bangalore,KARNATAKA
260,Ezwaste Recycling,Recycler,Approved by CPCB Authority,Authorization,"KHASRA NO.38, VILLAGE SARDHAN, BUDHANA ROAD,, KHATAULI,  Muzaffarnagar Muzaffarnagar",Muzaffarnagar,UTTAR PRADESH
2795352,FLORUS RECYCLING PRIVATE LIMITED,Recycler,Approved by CPCB Authority,Authorization,"GAT NO 30 , RAM NAGAR ROAD NEAR POWER HOUSE PUNE Pune",Pune,MAHARASHTRA
28558,Foxx Compliance Services Private Limited,Recycler,Approved by CPCB Authority,Authorization,E-1 Tajopur Industrial Area Mau Mau Mau,Mau,UTTAR PRADESH
1959293,FS INDIA SOLAR VENTURES PRIVATE LIMITED,Recycler,Pending at applicant,Authorization,"Plot No.A-1/1, SIPCOT Industrial Park, Pillaipakkam, Kanchipuram, Tamil Nadu, 602105  Kanchipuram Kanchipuram",Kanchipuram,TAMIL NADU
208,GALAXY RECYCLING,Recycler,Approved by CPCB Authority,Authorization,"plot no. 52&amp; 53, kishan ind. area Vill. Bharudi, Tal: Gondal Rajkot Rajkot",Rajkot,GUJARAT
262,ganpati scraps,Recycler,Approved by CPCB Authority,Authorization,"112 E,VISHKARMA,MANSARAVAR,BAGHPAT ROAD VILL.PANCHLI 112 E,VISHKARMA,MANSARAVAR,BAGHPAT ROAD VILL.PANCHLI MEERUT Meerut",Meerut,UTTAR PRADESH
7925,Gauvins Green Management Pvt Ltd,Recycler,Approved by CPCB Authority,Authorization,"Har Singh Pura Bus Stop, KHEWAT NO 266 RUGS CREATION, MAIN ALIPUR ROAD, TEHSIL GHARAUNDA, HAR SINGH PURA Karnal Karnal",Karnal,HARYANA
49351,GLACIER ENVIRO INDIA PVT LTD,Recycler,Approved by CPCB Authority,Authorization,KHASRA NO 322 VILL TOPRI GHUNNA PARGANA TEHSIL SAHARANPUR Saharanpur,Saharanpur,UTTAR PRADESH
16008,GLACIER WASTE MANAGEMENT LLP,Recycler,Pending at applicant,Authorization,B-49 MIDC Vita Karve vita 415311 Vita Sangli,Sangli,MAHARASHTRA
20554,GLOBAL COPPER PVT LTD,Recycler,Approved by CPCB Authority,Authorization,"Block no. 56P, Survey No 65-66 Village Garadiya, Jarod-Samlaya Road, Taluka Savli Vadodara Vadodara",Vadodara,GUJARAT
52,Global E-Recycling Private Limited,Recycler,Approved by CPCB Authority,Authorization,"Plot No. 1, Gala No. 2, Plot No. 2, Gala No. 3 Chaudhari Industrial Estate, Wakanpada, Dhaniv Vasai Virar Thane",Thane,MAHARASHTRA
292,GLOBAL INTERNATIONAL,Recycler,Pending at applicant,Authorization,VILLAGE & P.O LAKSHMANPUR P.S DOMJUR  Howrah Howrah,Howrah,WEST BENGAL
12758,GLOBAL TECH RECYCLERS,Recycler,Approved by CPCB Authority,Authorization,"Beside Industrial Area,#8/5 2nd Building,1st cross, Kachohalli and Machohalli Main road, Dasanupura Hobali, Lakshmi Post Bangalore Beside Industrial Area,#8/5 2nd Building,1st cross, Kachohalli and Machohalli Main road, Dasanupura Hobali, Lakshmi Post Bangalore Bangalore Bangalore",Bangalore,KARNATAKA
1279815,GLOBAL TRADERS,Recycler,Pending at applicant,Authorization,"VILLAGE RAHKADA POST BHOPA, BLOCK MORNA VILLAGE RAHKADA POST BHOPA, BLOCK MORNA MUZAFFARNAGAR Muzaffarnagar",Muzaffarnagar,UTTAR PRADESH
158,Global Waste Solution,Recycler,Approved by CPCB Authority,Authorization,"Khasra No. 71/22/2, 23/2/1, 74//3/2/1 Village Ram Nagar Tehsil Ganaur Sonipat",Sonipat,HARYANA
157,Global Waste Solution Unit-II,Recycler,Approved by CPCB Authority,Authorization,"Kila No. 45//19/1/1/3, 19/1/1/4, 20/2/1, 20/2/2  Village Dhaturi Sonipat",Sonipat,HARYANA
9143,Globe EWaste Management,Recycler,Approved by CPCB Authority,Authorization,"Survey or Block No 539 Paiky 1, Nani Vavdi Road Moje, Gariadhar, Bhavnagar Gariadhar Bhavnagar",Bhavnagar,GUJARAT
219,GL RECYCLING LLP,Recycler,Approved by CPCB Authority,Authorization,"SURVEY NO 108, VILLAGE SOLIYA, Rajkot Rajkot",Rajkot,GUJARAT
669531,GNR RECYCLING INDIA PRIVATE LIMITED,Recycler,Pending at applicant,Authorization,"598,599,593, Gera Junction, Kondhwa Road, Lullanagar  Pune Pune",Pune,MAHARASHTRA
247,GO Green Managment LLP,Recycler,Approved by CPCB Authority,Authorization,"G1-612N  kHUSHKHERA, RIICO Industrial Area Bhiwadi RIICO INDUSTRIAL AREA KHUSHKHERA  Khuskhera Bhiwadi Alwar",Alwar,RAJASTHAN
1358473,GOGREEN RECYCLING,Recycler,Pending at applicant,Authorization,"Unit No. 75/66, Hasti Industrial Estate, TTC INDUSTRIAL AREA MIDC MAHAPE SHILPHATA ROAD MAHAPE NAVI MUMBAI THANE MAHARASHTRA MAHAPE Thane",Thane,MAHARASHTRA
8791,GOLDEN GREEN RECYCLERS,Recycler,Pending at CPCB,Authorization,G1-11 SKS INDUSTRIAL AREA RINGUS SIKAR Sikar,Sikar,RAJASTHAN
31544,Gracy Eco Traders,Recycler,Pending at applicant,Authorization,"Plot No 106, Sidco Industrial Estate Vichoor, Manali New Town, Ponneri Chennai Tiruvallur",Tiruvallur,TAMIL NADU
1596554,Grandeur Recycling Private Limited,Recycler,Approved by CPCB Authority,Authorization,"KILLA NO 28//21/2 , VILLAGE BARU SONIPAT  SONIPAT Sonipat",Sonipat,HARYANA
1412342,GREENBAY ENTERPRISES ,Recycler,Pending at CPCB,Authorization,"SR NO - 144/1/2/2B, MILKAT NO 4149, GANESH NAGAR, KATRAJ SASWAD ROAD, MANTARWADI CHOWK FURSUNGI FURSUNGI,PUNE MAHARASHTRA , 412308 PUNE Pune",Pune,MAHARASHTRA
973117,Green Care E Waste Recycling,Recycler,Approved by CPCB Authority,Authorization,"Unit No. 9, Ground Floor, Building 63/KS-1 Village Pogaon, Tal. Bhiwandi, Dist. Thane Bhiwandi Thane",Thane,MAHARASHTRA
111,Green Clean Recyclers LLP,Recycler,Approved by CPCB Authority,Authorization,"Near Railway Crossing, KHASRA NO. 0687, HISALI ROAD DUHAI INDUSTRIAL AREA, HISALI ROAD MURADNAGAR GHAZIABAD Ghaziabad",Ghaziabad,UTTAR PRADESH
6367,GREENCUBE RECYCLING PRIVATE LIMITED,Recycler,Approved by CPCB Authority,Authorization,"EKTA TOWER, SHOP No.6/FF, VASNA BERAGE ROAD, AHMEDABAD Ahmedabad",Ahmedabad,GUJARAT
144,GREEN ENVIRO E WASTE RECYCLING,Recycler,Approved by CPCB Authority,Authorization,"Sy. No. 729, Pochampally (v), B. Pochampally (M) Yadadri Bhuvangiri Dist.  pochampally Nalgonda",Nalgonda,TELANGANA
8853,Green Enviro Management Solutions LLP,Recycler,Pending at applicant,Authorization,Plot No 51 Gat No 376 Kanhe Phatta Tal Maval Pune Pune,Pune,MAHARASHTRA
880747,Green Era Recyclers,Recycler,Approved by CPCB Authority,Authorization,"SF.No 91/1B, D.No 4/221,  Seerapalayam, Bodipalayam Madukarai Taluk, Coimbatore, Tamil nadu-641105 Coimbatore Coimbatore",Coimbatore,TAMIL NADU
2269764,GREENGLOBAL RECYCLING PRIVATELIMITED,Recycler,Pending at applicant,Authorization,"Plot no-33,Shed no-9, Hindupur Thumukunta Industrial Area Hindupur Ananthapur",Ananthapur,ANDHRA PRADESH
13756,GREENHOLICS RECYCLERS PRIVATE LIMITED,Recycler,Approved by CPCB Authority,Authorization,KH NO 1192 KHATA NO 00100 MAUJA RATAUL KHEKRA RATAUL KHEKRA RATAUL KHEKRA Bagpat,Bagpat,UTTAR PRADESH
2627065,GREENIFY WASTE SOLUTIONS PRIVATE LIMITED,Recycler,Approved by CPCB Authority,Authorization,"KHASRA NO 138, GARHMUKTEHWAR, LINK ROAD PALWARA GARHMUKTESHWAR, HAPUR, UTTAR PRADESH 245205 GARHMUKTESHWAR Hapur",Hapur,UTTAR PRADESH
150,Green India E-Waste and Recycling OPC Pvt Ltd,Recycler,Approved by CPCB Authority,Authorization,"Survey No. 7, Hissa No. 1/B Post Dahisar Thane Thane",Thane,MAHARASHTRA
1718109,GREEN INDIA RECYCLERS,Recycler,Approved by CPCB Authority,Authorization,"26/1B PART, SOOLAKAL VILLAGE, KOVILPALAYAM ROAD KINATHUKADAVU TALUK COIMBATORE Coimbatore",Coimbatore,TAMIL NADU
8913,Green IT Recycling Centre Pvt Ltd,Recycler,Approved by CPCB Authority,Authorization,D222 MIDC Ranjangaon Near Dhananjay Metal Ranjangaon Pune,Pune,MAHARASHTRA
9338,Green Life E waste Recycling Pvt Ltd,Recycler,Approved by CPCB Authority,Authorization,Plot NO 11 G No 40 Karodi Aurangabad Aurangabad Aurangabad,Aurangabad,MAHARASHTRA
9784,GREENLINK RECYCLERS PRIVATE LIMITED,Recycler,Approved by CPCB Authority,Authorization,KHASRA NO 1641 DASNA KHUSILYA ROAD TEHSIL-GHAZIABAD GHAZIABAD Ghaziabad,Ghaziabad,UTTAR PRADESH
2625227,GREEN NEXUS RECYCLERS PRIVATE LIMITED,Recycler,Approved by CPCB Authority,Authorization,"PLOT NO E-69,E-70 INDUSTRIAL AREA KOSI KOTWAN -1A MATHURA Mathura",Mathura,UTTAR PRADESH
8823,GREEN ROOTS WASTE MANAGEMENT PVT LTD ,Recycler,Approved by CPCB Authority,Authorization,"Khasra No. 6, Gajraula Dhyan Singh, Tehsil, Kanth,MORADABAD,244501 MORADABAD , UP MORADABAD Moradabad",Moradabad,UTTAR PRADESH
133,Greenscape Eco Management Pvt Ltd,Recycler,Approved by CPCB Authority,Authorization,"F-588 to F-591 MIA , Alwar Alwar Alwar",Alwar,RAJASTHAN
2907215,Greenscape Eco Management Pvt Ltd,Recycler,Approved by CPCB Authority,Authorization,PLOT NO 203 & 203A MATSYA INDUSTRIAL AREA ALWAR ALWAR Alwar,Alwar,RAJASTHAN
2401212,GREENSENSE WASTE RECYCLING MANAGEMENT PRIVATE LIMITED,Recycler,Approved by CPCB Authority,Authorization,"KHASRA NO.3, NEAR GULSHAN FACTORY, VILL- NAIRANA, MUZAFFARNAGAR, U.P-251203  MUZAFFARNAGAR Muzaffarnagar",Muzaffarnagar,UTTAR PRADESH
6129,Greens Recology Company,Recycler,Approved by CPCB Authority,Authorization,"GROUND FLOOR, PLOT NO 415 SY NO 3/14, KIADB, VASANTHANARASAPURA INDUSTRIAL AREA, YALADADLU VILLAGE KORA HOBLI, Tumakuru (Tumkur) Tumakuru Tumkur",Tumkur,KARNATAKA
8822,GREEN TECH RECYCLING,Recycler,Pending at applicant,Authorization,Plot No 5 and 6 Maharaja Estate Behind Anand Hotel Sarkhej Sanand Road  Ahmedabad Ahmedabad Ahmedabad,Ahmedabad,GUJARAT
8680,GREEN TECH RECYCLING ,Recycler,Approved by CPCB Authority,Authorization,KHASRA NO  645 ACCHRAUNDA BAHADURPUR ROAD PARTAPUR INDUSTRIAL AREA MEERUT MEERUT Meerut,Meerut,UTTAR PRADESH
263,GREENTEK REMAN PRIVATE LIMITED,Recycler,Approved by CPCB Authority,Authorization,"B2/12, Site B Industrial Area, Surajpur Greater Noida Gautam Buddha Nagar",Gautam Buddha Nagar,UTTAR PRADESH
9717,GREEN VALLEY EWASTE MANAGEMENT PRIVATE LIMITED,Recycler,Approved by CPCB Authority,Authorization,"Gut No. 525/10 Village Ghonsai , Saza-Met,Tal. Wada, Dist. Palghar Ghonsai , Saza-MetTal Thane",Thane,MAHARASHTRA
1100731,GREEN VALLEY RECYCLING PRIVATE LIMITED,Recycler,Pending at applicant,Authorization,"KHASRA NO-371 AND 372 INDUSTRIAL AREA BEGRAJPUR, HUSAINPUR BOPARA MUZAFFARNAGAR  MUZAFFARNAGAR Muzaffarnagar",Muzaffarnagar,UTTAR PRADESH
45652,GREEN VISION RECYCLERS PRIVATE LIMITED,Recycler,Approved by CPCB Authority,Authorization,KHASRA NO - 114 VILLAGE CHANDHERI TEHSIL BUDHANA DISTT MUZAFFARNAGAR UTTAR PRADESH MUZAFFARNAGAR Muzaffarnagar,Muzaffarnagar,UTTAR PRADESH
6122,GREEN VORTEX WASTE MANAGEMENT PRIVATE LIMITED,Recycler,Approved by CPCB Authority,Authorization,Plot No. 331 Udyog Vihar Phase 6 Gurugram Gurgaon,Gurgaon,HARYANA
190,GREEN WAVE E WASTE RECYCLING,Recycler,Approved by CPCB Authority,Authorization,"SY. No. 1880 E, 1880EE, Nandigama Village, Ranga reddy District, Telangana-509216  RANGA REDDY K.V.Rangareddy",K.V.Rangareddy,TELANGANA
16821,GREENWISH E WASTE RECYCLERS,Recycler,Pending at applicant,Authorization,"F-162, INDUSTRIAL AREA, KOSI KOTWAN EXTN-1, KOSI KALAN, MATHURA, Mathura, Uttar Pradesh, 281403 MATHURA Mathura",Mathura,UTTAR PRADESH
6339,GREEN WORLD RECYCLERS,Recycler,Approved by CPCB Authority,Authorization,DP No S 105  S 106 SIDCO Industrial Estate Kakkalur Tiruvallur,Tiruvallur,TAMIL NADU
104,GREENZON RECYCLING PVT LTD,Recycler,Approved by CPCB Authority,Authorization,"R-30, UPSIDC, Industrial Area, Sikandrabad, Sikandrabad, Bulandshahar, Uttar Pradesh-203205. Bulandshahr",Bulandshahr,UTTAR PRADESH
184,GRKMS PVT LTD,Recycler,Approved by CPCB Authority,Authorization,"GROUND FLOOR PLOT NO 74,29TH B CROSS,KIADB INDUSTRIAL AREA SOMPURA 1ST STAGE, BHARATHIPURA,DABASPET BANGALORE Bangalore Rural",Bangalore Rural,KARNATAKA
9395,Gujarat Green Recycling ,Recycler,Approved by CPCB Authority,Authorization,PLOT NO MSME 500 SANAND-IIENGINEERING INDUSTRIAL ESTATE GIDC SANAN-II SANAND -382110 SANAND-IIENGINEERING INDUSTRIAL ESTATE GIDC SANAND Ahmedabad,Ahmedabad,GUJARAT
537387,Hal Solution Private Limited,Recycler,Pending at applicant,Authorization,"K-58, Site 5 Kasna, UPSIDC Greater Noida Gautam Buddha Nagar",Gautam Buddha Nagar,UTTAR PRADESH
8903,Haq Processing Private Limited,Recycler,Pending at applicant,Authorization,Gala No. C6 Datar Industrial Estate Avdhoot Bhagwan Ram Seva Ashram Pelhar Nalasopara Vasai Virar Palghar Palghar Thane,Thane,MAHARASHTRA
9800,HASAN MALIK RECYCLING PRIVATE LIMITED ,Recycler,Approved by CPCB Authority,Authorization,KHASRA NO 60 PARGANA SARAWA TEHSIL MEERUT PEEPLI KHERA MEERUT MEERUT Meerut,Meerut,UTTAR PRADESH
171,HAYAT E-RECYCLERS PVT LTD,Recycler,Approved by CPCB Authority,Authorization,"PLOT NO. F-53-54, M.G. ROAD INDUSTRIAL AREA, HAPUR HAPUR HAPUR Hapur",Hapur,UTTAR PRADESH
2889968,HCAS RESOURCES PRIVATE LIMITED,Recycler,Approved by CPCB Authority,Authorization,"Khasra No 63, 64, Hapur Road Industrial Area Peepli Khera Meerut Meerut",Meerut,UTTAR PRADESH
155,Hind Recycling Pvt Ltd,Recycler,Approved by CPCB Authority,Authorization,"G-459,460 Upsidc Industrial Area MG Road Ghaziabad  Ghaziabad Ghaziabad",Ghaziabad,UTTAR PRADESH
258,HINDUSTHAN RECYCLING,Recycler,Approved by CPCB Authority,Authorization,At NH-314 Vill City Madhuban Po Chakata Ps Hura Dist Purulia  Purulia Puruliya,Puruliya,WEST BENGAL
161,HIN GREEN E-WASTE RECYCLING PRIVATE LIMITED,Recycler,Approved by CPCB Authority,Authorization,"KHASRA No. 733, 737, Baral, Partapur, Delhi Road, Meerut-250103, Uttar Pradesh  MEERUT Meerut",Meerut,UTTAR PRADESH
9248,HITECH ECO GREEN,Recycler,Approved by CPCB Authority,Authorization,Plot no 104 A Nelamangala Taluk Sompura Industrial Area 1st Stage Dobaspet Industrial Area Bangalore Bangalore Rural,Bangalore Rural,KARNATAKA
193,Hi-Tech Recycling India Pvt Ltd,Recycler,Approved by CPCB Authority,Authorization,"Property No.193, Gat No.89, Jai Ganesh Warehousing, Pune Satara Road, Shindewadi Tal.Bhor Pune Pune",Pune,MAHARASHTRA
691348,Hi Tech Scrap Processors,Recycler,Pending at applicant,Authorization,"G-79, Panki Industrial Area Site 3 Kanpur Kanpur Nagar",Kanpur Nagar,UTTAR PRADESH
17380,HME WASTE MANAGEMENT,Recycler,Approved by CPCB Authority,Authorization,"PLOT NO. G1/226, RLLCO INDUSTRIAL AREA KAHARANI Bhiwadi Alwar",Alwar,RAJASTHAN
8712,HOME LAND ENVIRO ENGINEERS INDIA PVT LTD,Recycler,Approved by CPCB Authority,Authorization,183 INDUSTRIAL DEVOLOPMENT PARK PUTLLAM PALLI KADAPA Cuddapah,Cuddapah,ANDHRA PRADESH
232,HORIZON RECYCLING PVT LTD,Recycler,Approved by CPCB Authority,Authorization,"35, Dehradun Road, Kumar Hera Saharanpur Saharanpur",Saharanpur,UTTAR PRADESH
8881,I D Technocom,Recycler,Pending at applicant,Authorization,194/1 sector-6/b GANDHINAGAR Gandhi Nagar,Gandhi Nagar,GUJARAT
12710,IKON RECYCLERS,Recycler,Approved by CPCB Authority,Authorization,"Basement Floor No-5,2nd cross, 2nd main road, Pete Channappa industrial Estate,Kamakshipalya, Magadi main road, Bengaluru Basement Floor No-5,2nd cross, 2nd main road, Pete Channappa industrial Estate,Kamakshipalya, Magadi main road, Bengaluru Bangalore Bangalore",Bangalore,KARNATAKA
6240,Inclusive Recycling Foundation,Recycler,Approved by CPCB Authority,Authorization,"C-26, Meerut Rd Industrial Area, Meerut Road Industrial Area, Site III Ghaziabad Ghaziabad",Ghaziabad,UTTAR PRADESH
24028,INCLUSIVE RECYCLING FOUNDATION,Recycler,Pending at applicant,Authorization,Plot No C-26 Site - III Meerut Road Industrial Area Ghaziabad Ghaziabad Ghaziabad,Ghaziabad,UTTAR PRADESH
8944,INDIA BEST WAY RECYCLING,Recycler,Approved by CPCB Authority,Authorization,Ground 1st and 2nd Floor No 33 and 155 Kumbalagoodu village Kengeri Hobli Bangalore Bangalore,Bangalore,KARNATAKA
181,Infinity Green E recycling Solutions,Recycler,Approved by CPCB Authority,Authorization,Plot No 347 M Udyog Kendra 2 Ecotech 3 Gautam Buddha Nagar,Gautam Buddha Nagar,UTTAR PRADESH
6619,I Seven,Recycler,Pending at applicant,Authorization,"9/4, I SEVEN, KACHOHALLI INDUSTRIAL, KACHOHALLI MAGADI MAIN ROAD  Bangalore Bangalore Rural",Bangalore Rural,KARNATAKA
43706,Ishvarya Traders,Recycler,Pending at applicant,Authorization,"Plot No. 3D1, Bommasandra 1st and 2nd Phase Industrial Area Bommasandra Village, Attibele Hobli, Anekal Taluk Bangalore Bangalore",Bangalore,KARNATAKA
5068,JACSGREEN RECYCLING PRIVATE LIMITED,Recycler,Approved by CPCB Authority,Authorization,"A5/4, SIPCOT INDUSTRIAL COMPLEX MANGAL KOOT ROAD, CHEYYAR TALUK TIRUVANNAMALAI Tiruvannamalai",Tiruvannamalai,TAMIL NADU
6165,Jeenali Trading & Comm. Ser. Pvt. Ltd.,Recycler,Approved by CPCB Authority,Authorization,"Gut No. 68/1, Bhiwandi - Wada Road, Near US Pharma Khupari, Palghar, Maharashtra Khupari Thane",Thane,MAHARASHTRA
5736,J S Pigments Pvt Ltd,Recycler,Approved by CPCB Authority,Authorization,"Vill &amp; P.O-Jarura, P.S Polba, Delhi Road, Hooghly Hooghly",Hooghly,WEST BENGAL
174,Justdispose Recycling Pvt.Ltd,Recycler,Approved by CPCB Authority,Authorization,"Survey No: 42/5,Kaddu industrial Estate, Near Jasraj Ind.Estate,Sativalli fata, Sativalli Vasai East Vasai East Dist: Palghar Thane",Thane,MAHARASHTRA
1482039,KA E-WASTE SOLUTION LLP,Recycler,Approved by CPCB Authority,Authorization,"PLOT NO F566, M G ROAD INDUSTRIAL AREA, UPSIDC DISTT HAPUR GHAZIABAD, UTTAR PRADESH, HAPUR, 201003 HAPUR Hapur",Hapur,UTTAR PRADESH
9392,KALPANA E RECYCLER,Recycler,Approved by CPCB Authority,Authorization,"PLOT NO 18-19, SURVEY NO 2486 MADHUBAN INDUSTRIAL PARK, VILLAGE KUHA, TALUKA DASKROI AHMEDABAD, AHMEDABAD GUJARAT-382433 AHMEDABAD Ahmedabad",Ahmedabad,GUJARAT
5713,Kamal Electronics Refurbishing Of E Waste Solutions	,Recycler,Approved by CPCB Authority,Authorization,"Sy No:227/A1,227/Lu,227Luu,227/A2,227/A3, 227/A1/A,227/A/2/1,238/2A1,238/2/AA,238/2/A,  Atmakur Village Sadasivpet Medak",Medak,TELANGANA
58370,KH E WASTE RECYCLERS,Recycler,Pending at applicant,Authorization,4TH CROSS 1ST FLOOR 104 1ST MAIN ROAD AZEEZ SAIT INDUSTRIAL AREA NAYANDANAHALLI BANGALORE URBAN Bangalore,Bangalore,KARNATAKA
194,K.J. RECYCLERS,Recycler,Approved by CPCB Authority,Authorization,"C 38, SANJAY GANDHI NAGAR, INDUSTRIAL AREA  JALANDHAR Jalandhar",Jalandhar,PUNJAB
9843,Kohinoor E waste Recycling Pvt Ltd,Recycler,Pending at applicant,Authorization,OPP GURUDATTA WASHING CENTRE GUT NO-205/1 205/2 AT DHEKU TAL-KHALAPUR KHALAPUR Raigarh(MH),Raigarh(MH),MAHARASHTRA
37531,KRV SOLAR,Recycler,Pending at applicant,Authorization,607 6TH FLR MAPLE TRADE CENTRE NR SURDHARA CIRCLE THALTEJ AHMEDABAD Ahmedabad,Ahmedabad,GUJARAT
294,KWIKSTOP RECYCLING SOLUTIONS PVT LTD,Recycler,Approved by CPCB Authority,Authorization,"I-3,UPSIDC SIKANDRABAD INDUSTRIAL AREA SIKANDRABAD SIKANDRABAD Bulandshahr",Bulandshahr,UTTAR PRADESH
6223,LAXMINARAYANA RECYCLERS LLP,Recycler,Approved by CPCB Authority,Authorization,PLOT NO 49 NAIK ENTERPRISES UNNAMED ROAD AGANAMPUDI VISAKHAPATNAM Visakhapatnam,Visakhapatnam,ANDHRA PRADESH
8505,Liberty Recycling ,Recycler,Approved by CPCB Authority,Authorization,Survey No 1439 Old Survey No 256/1/5 Near Balda Industrial Park Vill Balda Ta Pardi Di Valsad 396125 Balda Valsad,Valsad,GUJARAT
9359,LIMR RECYCLING PRIVATE LIMITED,Recycler,Approved by CPCB Authority,Authorization,PLOT NO G - 256 MASURI GULAWATI ROAD INDUSTRIAL AREA HAPUR HAPUR -245101 HAPUR Hapur,Hapur,UTTAR PRADESH
8419,Lubrina Recycling Pvt Ltd,Recycler,Approved by CPCB Authority,Authorization,"Joychandipur PO Bakrahat PS Bishnupur Patherberia Gram Panchayat S-24, PARGANAS South 24 Parganas",South 24 Parganas,WEST BENGAL
7536,MAHAARANA INDUSTRIES PRIVATE LIMITED,Recycler,Approved by CPCB Authority,Authorization,"Survey no. 466 AND 475, Village Timba TAL- DASKROI, DIST - AHMEDABAD AHMEDABAD Ahmedabad",Ahmedabad,GUJARAT
8612,MAHALAXMI METALLOYS INDIA PVTLTD,Recycler,Approved by CPCB Authority,Authorization,"PLOT NO 92, SIKEDA INDUSTRIAL AREA, SIKEDA ROAD, MODINAGAR, Ghaziabad, Uttar Pradesh, 201204 MODINAGAR MODINAGAR Ghaziabad",Ghaziabad,UTTAR PRADESH
755716,M A K Technology Industrial,Recycler,Approved by CPCB Authority,Authorization,"No.SP-5, Veersandra IE, phase II, 2nd cross Husukur main road, electronics city, bengaluru urban bengaluru Bangalore",Bangalore,KARNATAKA
13934,MALAPANI ANTENNA ELECTRONICS LTD,Recycler,Pending at applicant,Authorization,Plot No D4 Phase -1 IDA Pashamailaram patancheru Sangareddy District patancheruvu Hyderabad,Hyderabad,TELANGANA
202,Mangalam Ecs Environment Pvt Ltd,Recycler,Approved by CPCB Authority,Authorization,"Block No. 24, Paiki, Village-Vautha Taluka- Dholka Ahmedabad Ahmedabad",Ahmedabad,GUJARAT
2829311,MASSRR e-Neermalya,Recycler,Pending at applicant,Authorization,"Plot No. 306, Ram Mandir Road Near Kailash Nagar, Ambernath (E), Tal. Ambernath Dist. Thane Ambernath Thane",Thane,MAHARASHTRA
1640684,MEGA RECYCLING PRIVATE LIMITED,Recycler,Pending at applicant,Authorization,"PLOT NO-16A, KHASRA NO-434, LAKHAN, DASNA HAPUR  HAPUR Hapur",Hapur,UTTAR PRADESH
8504,MELIORATE LUBES PVT LTD,Recycler,Pending at applicant,Authorization,PLOT NO 1729 KHATA NO 72 VILLAGE - LODHMA CHHATTARMANDU RAMGARH Ramgarh,Ramgarh,JHARKHAND
9118,MERCURY METAL INDUSTRIES,Recycler,Approved by CPCB Authority,Authorization,PLOT NO D-35 INDUSTRIAL AREA MAHAD MAHAD MAHAD Raigarh(MH),Raigarh(MH),MAHARASHTRA
1653787,MKK E WASTE RECYCLERS,Recycler,Approved by CPCB Authority,Authorization,"plot no.292, AH 47, BELUR IA Dharwad, karnataka dharwad Dharwad",Dharwad,KARNATAKA
13205,MOBITECH E-WASTE RECYCLER -run by-MOBITECH LLP,Recycler,Approved by CPCB Authority,Authorization,Khewat no - 339 Dugran Guhana Road Sonipat Bhatgaon Dogran Sonipat Haryana Sonipat Sonipat,Sonipat,HARYANA
217,MOOGAMBIGAI METAL REFINERIES,Recycler,Approved by CPCB Authority,Authorization,"PLOT NO.132 A INDUSTRIAL AREA, BAIKAMPADY MANGALORE Dakshina Kannada",Dakshina Kannada,KARNATAKA
9235,MORE BRIGHT E WASTE RECYCLER PVT LTD ,Recycler,Approved by CPCB Authority,Authorization,"C- 78, PHASE - III, M,G ROAD INDUSTRIAL AREA HAPUR HAPUR Hapur",Hapur,UTTAR PRADESH
1323253,Mothiya Brothers,Recycler,Pending at applicant,Authorization,"Karan Kunj, Jagdish Colony, Near Hafed Godown Jind Road Hansi Hisar",Hisar,HARYANA
8095,MS 2nds Computers,Recycler,Pending at applicant,Authorization,"J-71 AND J-72, INDUSTRIAL AREA, IIDC, KOSI KOTWAN, Mathura, Uttar Pradesh, 281403 Mathura, Uttar Pradesh, 281403 MATHURA Mathura",Mathura,UTTAR PRADESH
23845,M/s BHAGYALAKSHMI LABORATORIES LIMITED,Recycler,Approved by CPCB Authority,Authorization,"Plot No 33,34,35,36 Shri Shakti Udyog Nagar,Opp St john College, Veour Village Palghar 401404 Palghar Thane",Thane,MAHARASHTRA
135,M/s. E-Parisaraa Pvt. Ltd.,Recycler,Approved by CPCB Authority,Authorization,"Karnataka Industrial Area Development, Board Dobaspet Industrial Area, Dobaspet, Bengaluru (Bangalore) Rural, Karnataka, 562111 Dobaspet Industrial Area Bangalore Rural District Bangalore Rural",Bangalore Rural,KARNATAKA
138,"M/s. E-Parisara Pvt.Ltd,",Recycler,Approved by CPCB Authority,Authorization,"Plot no.42 A/4, Sy. no 285 Part and Sy. No.288(P), APIIC Industrial Park, Gollapuam(V), Hindupuram(M), Ananthapuram District Hindupuram Ananthapur",Ananthapur,ANDHRA PRADESH
132,M/S E-WASTE RECYCLERS INDIA,Recycler,Pending at applicant,Authorization,"E-49, UPSIDC INDUSTRIAL AREA, KOSI KOTWAN, Mathura, Uttar Pradesh, 281403  Mathura Mathura",Mathura,UTTAR PRADESH
300,M/s. JRS RECYCLING SOLUTIONS PVT. LTD,Recycler,Approved by CPCB Authority,Authorization,"Gala No.428, Survey No.74, Hissa No. 2A Garib Nawaz Estste, Old Mumbai Pune Road, Dahisar, Dist-Thane Dahisar Thane",Thane,MAHARASHTRA
8803,MS LALIT INDUSTRIES,Recycler,Approved by CPCB Authority,Authorization,PLOT NO 15 SECTOR - B INDUSTRIAL AREA MANDIDEEP TAL GOHARGANJ MANDIDEEP Raisen,Raisen,MADHYA PRADESH
510699,MS PRO WORLD GREEN PVT LTD,Recycler,Approved by CPCB Authority,Authorization,"KHASRA NO 57, 58 VILL DIKOLI ALIPUR JIJMANA MEERUT MEERUT Meerut",Meerut,UTTAR PRADESH
5039,M/s Root Recycling,Recycler,Pending at CPCB,Authorization,KHASRA NO-911 VILLAGE PADLI GURJAR ROORKEE Haridwar,Haridwar,UTTARAKHAND
116,M/S SIMRAN INFOTECH,Recycler,Pending at CPCB,Authorization,"at village simalkuri, p.o kanak chas, dist bokaro  bokaro Bokaro",Bokaro,JHARKHAND
19644,MUZASHI RECYCLERS PRIVATE LIMITED,Recycler,Pending at applicant,Authorization,KH-355 HUSAINPUR BOPADA KHATAULI UTTAR PRADESH 251203 MUZAFFARNAGAR Muzaffarnagar,Muzaffarnagar,UTTAR PRADESH
30960,Nagraj Ewaste Recycling ,Recycler,Approved by CPCB Authority,Authorization,S No 41 Village Asoli Mauza Mahalgaon Tah Kamptee Dist Nagpur 441204 S No 41 Village Asoli Mauza Mahalgaon Tah Kamptee Dist Nagpur 441204 Nagpur Nagpur,Nagpur,MAHARASHTRA
122,Namo Ewaste Management Limited,Recycler,Approved by CPCB Authority,Authorization,"14/1, Milestone, Main Mathura Road Near NHPC Chowk Metro Station Faridabad Faridabad",Faridabad,HARYANA
9206,NATIONAL TRADING CORPORATION,Recycler,Pending at applicant,Authorization,"6A,,FIRDOS COMPOUND,,KHERANI ROAD,NR.RAHAT HOTEL KURLA WEST,MUMBAI SUBURBAN MUMBAI Thane",Thane,MAHARASHTRA
1818113,Nature Eco Building Private Limited,Recycler,Pending at CPCB,Authorization,Plot B-21 Near LG Balkirshnan Jalna MIDC Phase 3  Jalna Jalna,Jalna,MAHARASHTRA
222,Naturevolt Recyclers India Pvt Ltd,Recycler,Approved by CPCB Authority,Authorization,Plot No 323 Sector 24 Industrial Area  FARIDABAD Faridabad,Faridabad,HARYANA
19511,NAVKAR RECYCLING PRIVATE LIMITED,Recycler,Pending at applicant,Authorization,GROUND Survey number 84 Khanivali Road Wada Shiraspada GROUND Survey number 84 Khanivali Road Wada Shiraspada Palghar Thane,Thane,MAHARASHTRA
6382,NEW FRIENDS WASTE MANAGEMENT,Recycler,Approved by CPCB Authority,Authorization,"Plot No 243, Udyog Vihar Phase VI Sector - 37 Pace City II Gurugram Gurgaon",Gurgaon,HARYANA
6805,New India Organics,Recycler,Pending at applicant,Authorization,Gala No 158 Hissa No 1/A Village Uttarshiv Gotheghar Taluka and District Thane Thane Thane,Thane,MAHARASHTRA
13387,New India Recyclers,Recycler,Pending at applicant,Authorization,"Gat NO. 849/2728, Ambethan Gaon , Plot No-5/6 Tal -Khed Dist- Pune NA Pune Pune",Pune,MAHARASHTRA
8863,New India Sales Corporation,Recycler,Approved by CPCB Authority,Authorization,"Plot no. C1B-1915, GIDC Estate, Panoli, Dist. Bharuch Ankleshwar Bharuch",Bharuch,GUJARAT
69,NIRVANA RECYCLING PVT LTD,Recycler,Approved by CPCB Authority,Authorization,"D-6, D-7, HSIDC, SECTOR-37,  Gurgaon Gurgaon",Gurgaon,HARYANA
9146,NPEWASTE PVT LTD,Recycler,Approved by CPCB Authority,Authorization,NO 96 KOORGALLI INDUSTRIAL AREA  BELVADI POST MYSORE Mysore,Mysore,KARNATAKA
285,NVSP TRADERS PRIVATE LIMITED,Recycler,Approved by CPCB Authority,Authorization,KHASRA NO 200/1/1 2 3 VILLAGE GESHUPUR SHUMALI TEHSIL MAWANA MEERUT Meerut,Meerut,UTTAR PRADESH
275,Ortech India Corporation,Recycler,Pending at applicant,Authorization,Plot no 67 B Lodhi Majra Industrial Area Baddi Solan,Solan,HIMACHAL PRADESH
746944,OZONE WASTE LLP,Recycler,Approved by CPCB Authority,Authorization,"PLOT NO A 26, 27 SATHARIYA SATHARIYA INDUSTRIAL DEVELOPMENT AUTHORITY MOGRA BADSHAHPUR Jaunpur",Jaunpur,UTTAR PRADESH
9114,PAMP PRECISION MANUFACTURING INDIA PRIVATE LIMITED,Recycler,Approved by CPCB Authority,Authorization,Rojka Meo Industrial Estate Tehsil Nuh Mewat Mewat,Mewat,HARYANA
8447,P AND Y BHAVYA RECYCLERS PRIVATE LIMITED,Recycler,Approved by CPCB Authority,Authorization,Survey No 260 Village Navanagar Himatnagar Sabarkantha,Sabarkantha,GUJARAT
7970,PAYAS RECYCLERS,Recycler,Approved by CPCB Authority,Authorization,PLOT NO 28 29 30 SURVEY NO 2139 PARSHWA INDUSTRIAL PARK VILL RAJPUR TALUKA KADI MAHESANA Mahesana,Mahesana,GUJARAT
2946286,PEGASUS ENVIRONMENT LLP,Recycler,Pending at CPCB,Authorization,"Plot No. C-2/3, Industrial Area Sikanderabad Bulandshahr",Bulandshahr,UTTAR PRADESH
14844,PEGASUS ENVIRONMENT LLP,Recycler,Approved by CPCB Authority,Authorization,HC 23 24 HD 17 18 19 INDUSTRIAL AREA GOPALPUR SIKANDERABAD Bulandshahr,Bulandshahr,UTTAR PRADESH
14817,PEGASUS ENVIRONMENT LLP,Recycler,Approved by CPCB Authority,Authorization,KHASRA NO 372M IN FRONT OF JOKHABAD POWER HOUSE VILLAGE SAVLI BULANDSHAHR SIKANDERABAD Bulandshahr,Bulandshahr,UTTAR PRADESH
754027,PEGASUS ENVIRONMENT LLP,Recycler,Approved by CPCB Authority,Authorization,"D-13, KHASRA NO. 2, 4,VILLAGE RAJARAMPURNEKNAMPUR SIKANDARABAD INDUSTRIAL AREA, BULANDSHAHR BULANDSHAHR Bulandshahr",Bulandshahr,UTTAR PRADESH
2722049,PEGASUS ENVIRONMENT LLP,Recycler,Approved by CPCB Authority,Authorization,PLOT NO. B-12 INDUSTRIAL AREA SIKANDERABAD Bulandshahr,Bulandshahr,UTTAR PRADESH
137,Pegasus Waste Management Pvt Ltd,Recycler,Approved by CPCB Authority,Authorization,"Khata No. 781, Rect. No. 125,, Killa no. 16/2, 17/2, 24/2,2, Khewat No. 654/617 min, Rect no. 126 Binola Gurugram Gurgaon",Gurgaon,HARYANA
20954,Pideax Consulting Pvt Ltd,Recycler,Approved by CPCB Authority,Authorization,"Survey no. 1/1,1/4,1/6 village Dehriya Khurd, Shreenath Warehouse Dehariya Khurd, Sehore Madhya Pradesh Sehore Sehore",Sehore,MADHYA PRADESH
13779,PRAKASH METAL HOUSE,Recycler,Pending at applicant,Authorization,"GATA NO 243 NEAR RUNKATA POLICE CHOWKI, RUNKATA ARTAUNI AGRA AGRA Agra",Agra,UTTAR PRADESH
233,PRAKRUTHI RECYCLING PVT LTD,Recycler,Approved by CPCB Authority,Authorization,"B3 B4 KSSIDC , KUDUMALAKUNTE INDUSTRIAL AREA, GOWRIBIDANUR CHIKKABALLAPUR Chikkaballapur",Chikkaballapur,KARNATAKA
17687,PRIMERO RECYCLING PRIVATE LIMITED,Recycler,Approved by CPCB Authority,Authorization,"Survey no.1/7, 1/8, Shree Jagannath Ware house, Dehriya  Khurd Dehriya  Khurd Sehore Madhya Pradesh Sehore Sehore",Sehore,MADHYA PRADESH
9814,PRIVI SPECIALITY CHEMICALS LIMITED,Recycler,Pending at applicant,Authorization,"Plot C-3,4,5,6,7,8,9,6/1,x-9,x10,x11,33/1, MIDC Mahad, MIDC Mahad Mahad Raigarh(MH)",Raigarh(MH),MAHARASHTRA
5181,PROGRESSIVE RECYCLER LLP,Recycler,Approved by CPCB Authority,Authorization,"D-45, MIDC CHAKAN INDUSTRIAL AREA, PHASE - 2, KHED, PUNE PUNE Pune",Pune,MAHARASHTRA
5225,PROMETHEUS RECYCLING PRIVATE LIMITED,Recycler,Approved by CPCB Authority,Authorization,"800 and 801, land no. 786/4, 799/1, dilawar ka pura, susera, gwalior, Gwalior, Madhya Pradesh, 474010 Gwalior Gwalior",Gwalior,MADHYA PRADESH
13144,PROPLANET RECYCLERS LLP,Recycler,Approved by CPCB Authority,Authorization,"Plot No. 285-E, Sy. No. 25(P), Yandrakayipura Village, Narasapura Hobli, Kolar Taluk and District Kolar  Kolar Kolar",Kolar,KARNATAKA
211,PRUTHVI E-RECYCLE PVT.LTD,Recycler,Approved by CPCB Authority,Authorization,"PLOT NO 12, SURVEY NO 160/1 Paiki 1, TIRUPATI  Industrial Area, Lothada,Near J.K Bio Fuel,Rajkot,0, Rajkot Gujarat  ESTATE LOTHADA LOTHADA, Rajkot Rajkot Rajkot",Rajkot,GUJARAT
9125,PUNE ok GREENS ELECTRONIC WASTE RECYCLER PRIVATE LIMITED,Recycler,Pending at applicant,Authorization,S NO 29/9 PANSARE NAGAR YEVALEWADI  TAL HAVELI DIST PUNE Pune,Pune,MAHARASHTRA
8918,PURE EARTH RECYCLERS PRIVATE LIMITED,Recycler,Approved by CPCB Authority,Authorization,"western Hills, H.NO.23-311/B, Plot 167C, Addagutta Society, Opp JNTU, Kukatpally, Hyderabad, Telangana, 500072 HYDERABAD Hyderabad",Hyderabad,TELANGANA
2968558,PURUS E WASTE RECYCLERS PRIVATE LIMITED,Recycler,Pending at CPCB,Authorization,"KHASRA NO-2424/2,2424/3,2429,2431,2424/1,2425/1,2432 2ND KM ,DEVBAND BARLA ROAD TEHSIL-DEVBAND (BAHAR HADOOD ),DEOBAND ,SAHARANPUR,UTTAR PRADESH,247554 DEOBAND Saharanpur",Saharanpur,UTTAR PRADESH
1610177,P U STEEL & ELECTRO PROCESS PRIVATE LIMITED,Recycler,Approved by CPCB Authority,Authorization,Ruiya Industrial Complex Patulia Khardaha North 24 Parganas North 24 Parganas,North 24 Parganas,WEST BENGAL
12203,PYTHONIC WASTE SERVICES PRIVATE LIMITED,Recycler,Approved by CPCB Authority,Authorization,"KHASRA NO-37/12/2 MIN 13/1/2 MIN 18/3/2.9, ESTATC NATHUPUR, DISTRICT SONEPAT, Sonipat, Haryana, 131029  Nathupur Sonipat",Sonipat,HARYANA
165,Rajdhani Recycling Private Limited,Recycler,Approved by CPCB Authority,Authorization,Plot No. F- 416 MG ROAD INDUSTRIAL AREA HAPUR Hapur,Hapur,UTTAR PRADESH
13162,RAMDASS TRADING COMPANY,Recycler,Approved by CPCB Authority,Authorization,"G1-177-C, MATASYA INDUSTRIAL AREA ALWAR Alwar",Alwar,RAJASTHAN
8829,RASHI E WASTE SOLUTIONS PRIVATE LIMITED,Recycler,Approved by CPCB Authority,Authorization,No. SW 51 Shed No 26 Phase II Doddaballapura Apparel Park Doddaballapura Taluk Bengaluru Rural Doddaballapura Bangalore,Bangalore,KARNATAKA
28882,RAZA ENTERPRISES,Recycler,Pending at applicant,Authorization,"Sr. No. 124, Shed-A Gate No. 1 Khandve Nagar Pune-Nagar Road Kharadi Pune Tal. Haveli, Dist. Pune 411047 Pune Pune",Pune,MAHARASHTRA
106,RBH E-Waste Recycle Hub Pvt Ltd,Recycler,Approved by CPCB Authority,Authorization,"130, HSIIDC, RAI INDUSTRIAL ESTATE PHASE-1 SONIPAT Sonipat",Sonipat,HARYANA
65208,REART RECYCLING PRIVATE LIMITED,Recycler,Pending at CPCB,Authorization,"Plot No. 365-366, Survey no. 111p1, Golden Green Industrial Park (Phase -D), Khambha, Tal.: Lodhika, Dist.: Rajkot -360311 Rajkot Rajkot",Rajkot,GUJARAT
264,Reboot Resources Private Limited,Recycler,Approved by CPCB Authority,Authorization,"Sy No 29, 30 & 31 Ramdaspalle (V), Ibrahimpatnam (M Rangareddy District Hyderabad K.V.Rangareddy",K.V.Rangareddy,TELANGANA
142,RECFLY RECYCLERS PRIVATE LIMITED,Recycler,Approved by CPCB Authority,Authorization,"Khasra No.714, Khata No. 157, Mauja Pilana, Village Pilana, Baghpat Bagpat",Bagpat,UTTAR PRADESH
176,Re-Chakra Waste Management LLP,Recycler,Approved by CPCB Authority,Authorization,"Re-chakra Waste Management LLP Plot No-18,Sector-6,Faridabad Haryana 121006 Faridabad Faridabad",Faridabad,HARYANA
117,RECOLOGY RECYCLING INDIA PRIVATE LIMITED,Recycler,Approved by CPCB Authority,Authorization,"KHASRA NO-69,70,71 VILLAGE PIPLE KHEDA, PARGANA SARAWA, Meerut, Uttar Pradesh, 250002  Meerut Meerut",Meerut,UTTAR PRADESH
8700,RECOTECH E WASTE MANAGEMENT,Recycler,Approved by CPCB Authority,Authorization,"Recotech E-Waste Management ,Plot No. 36-37 , Aashrwad Industrial Estate, GIDC Naka, Sachin Surat City Surat Surat",Surat,GUJARAT
8962,RECYCLE MITRA ECO CARE LLP,Recycler,Pending at applicant,Authorization,"Plot No-A368, Floor No.1, M.H Industries,Road No-26 Wagle Indusrial Estate, Thane, Thane (Municipal Corporation), Thane Mumbai Thane",Thane,MAHARASHTRA
109,RECYCLICO WASTE MANAGEMENT,Recycler,Approved by CPCB Authority,Authorization,"KHASRA NO 169, KHATAUNI NO 00105, UNNAMED, SAHASWAN, Dhakpura Tappa Haveli, BUDAUN Budaun",Budaun,UTTAR PRADESH
13913,RECYCLING VILLA,Recycler,Approved by CPCB Authority,Authorization,"PLOT NO 127, JASHAN CITY KOHARA SAHNEWAL LINK ROAD JANDIALI LUDHIANA EAST LUDHIANA Ludhiana",Ludhiana,PUNJAB
8681,RECYTRONICS WASTE SOLUTIONS LLP,Recycler,Approved by CPCB Authority,Authorization,Survey No 90/A Mangalpally Patelguda Ibrahimpatnam K.V.Rangareddy,K.V.Rangareddy,TELANGANA
9857,RENAVART RECYCLERS INDIA PRIVATE LIMITED,Recycler,Approved by CPCB Authority,Authorization,"Sy.No. 183, Deshmukhi Village Pochampally Mandal yadadri bhuvanagiri Rangareddy Hyderabad Nalgonda",Nalgonda,TELANGANA
860053,RESCALEX,Recycler,Approved by CPCB Authority,Authorization,"17,Off Ponneri High Road,Manali New Town, Sadayankuppam,Chennai TamilNadu  Chennai Chennai",Chennai,TAMIL NADU
40057,RESOURCE E WASTE SOLUTIONS PRIVATE LIMITED,Recycler,Approved by CPCB Authority,Authorization,"H-30, KOSI KOTWAN INDUSTRIAL AREA, TEHSIL CHATTA, Kosikalan Rural, Mathura Mathura",Mathura,UTTAR PRADESH
148,Resource e waste solutions pvt ltd,Recycler,Approved by CPCB Authority,Authorization,F-97/F-9 Bhadrabad Industrial Area haridwar Haridwar Haridwar,Haridwar,UTTARAKHAND
6398,Resource e Waste Solutions Pvt Ltd,Recycler,Pending at applicant,Authorization,H-30 kosi kotwan industrial area Tehsil Chatta Kosikalan Rural Mathura Mathura,Mathura,UTTAR PRADESH
278,Re Sustainability Reldan Refining Private Limited,Recycler,Approved by CPCB Authority,Authorization,"HWMP-Survey.No.684/1, Dundigal Village Quthubullapur mandal, Medchal-Malkajgiri(District) Hyderabad Hyderabad",Hyderabad,TELANGANA
7506,Reteck Envirotech India Pvt Ltd,Recycler,Approved by CPCB Authority,Authorization,Plot No F-7  Additional Pathalganga MIDC  Chavane Village Panvel Taluka   Raigad Dist Rasayani Raigarh(MH),Raigarh(MH),MAHARASHTRA
2368777,REWASTO RECYCLING,Recycler,Pending at applicant,Authorization,"PLOT NO. R-4, I.A. SITE-5, GREATER NOIDA  GREATER NOIDA Gautam Buddha Nagar",Gautam Buddha Nagar,UTTAR PRADESH
8869,RKE RECYCLING INTERNATIONAL LLP,Recycler,Pending at applicant,Authorization,"GALA NO 2 , SOLITIORE  BUILDING, TIRUPATI INDUSTRIAL ESTATE SATIVALI ROAD , VASAI  EAST VASAI Thane",Thane,MAHARASHTRA
1736136,ROLEX ENTERPRISES,Recycler,Approved by CPCB Authority,Authorization,"S. No. 156, Hissa No. 4/1, Village- Dhansar, Taluka- Panvel, District: Raigad- 410208 Maharashtra  PANVEL Raigarh(MH)",Raigarh(MH),MAHARASHTRA
1879919,ROYAL E WASTE RECYCLING CO,Recycler,Approved by CPCB Authority,Authorization,"KHASRA NO. 361, 362/3, VILLAGE HUSSAINPUR BOPADA, PARGANA AND TEHSIL KHATOLI MUZAFFARNAGAR MUZAFFARNAGAR Muzaffarnagar",Muzaffarnagar,UTTAR PRADESH
58991,ROYAL FAIZ RECYCLING PRIVATE LIMITED,Recycler,Approved by CPCB Authority,Authorization,PLOT NO I-22 MASURI GULAWATI ROAD INDUSTRIAL AREA HAPUR HAPUR Hapur,Hapur,UTTAR PRADESH
8408,Rplanet Integrated Solution Pvt Ltd,Recycler,Approved by CPCB Authority,Authorization,Plot No 201 202 Old Block No 264-265 Paiki 1 Village-Zank Tal-Dahegam Gandhinagar Gandhi Nagar,Gandhi Nagar,GUJARAT
8634,RPN Industries ,Recycler,Approved by CPCB Authority,Authorization,"Plot-B2, KSSIDC INDUSTRIAL AREA, MYSORE ROAD, KUMBALGODU KENGERI HOBLI BANGALORE SOUTH TALUK KUMBALGODU BANGALORE Bangalore",Bangalore,KARNATAKA
13755,RY RECYCLERS,Recycler,Approved by CPCB Authority,Authorization,"HG67 2G7 Eastern Unnao Industrial City, Unnao, Wajidpur Urf Rajepur Unnao Unnao",Unnao,UTTAR PRADESH
909808,SACHIN ENTERPRISES,Recycler,Pending at applicant,Authorization,"PRATAPGANJ, 123/751, BLOCK T-74 GADAARIYAN PURWA FAZALGANJ KANPUR Kanpur Nagar",Kanpur Nagar,UTTAR PRADESH
8927,SAFDAR E RECYCLING PRIVATE LIMITED,Recycler,Approved by CPCB Authority,Authorization,"70 UPSIDC, M G Road GHAZIABAD Hapur",Hapur,UTTAR PRADESH
82236,SAHNI ENTERPRISES,Recycler,Pending at applicant,Authorization,"K K NO 228/285, HADBAST NO 645, MOHAL ANJI,  SHAMLECH BAROG BY- PASS, BELOW RAILWAY STATION solan Solan",Solan,HIMACHAL PRADESH
5238,SAHYASOLUTIONS GROUP OF WASTE MANAGEMENT,Recycler,Approved by CPCB Authority,Authorization,3/310 BADAYIL ESTATE MELORAM P.O PERUVANTHANAM PERUVANTHANAM Idukki,Idukki,KERALA
235,saisriwastemanagementpvtltd,Recycler,Approved by CPCB Authority,Authorization,"54 Nehru Nagar Pallipalayam(PO),kumarapalayam taulk Namakkal Namakkal",Namakkal,TAMIL NADU
1810077,SARA RECYCLING,Recycler,Pending at applicant,Authorization,"C 12,KUMBALAGOD INDUSTRIAL AREA PHASE 1 KUMBALGOD BENGALURU URBAN C12 KUMBALGOD INDUSTRIAL AREA PHASE 1 KUMBALGOD BENGALURU URBAN BENGALURU Bangalore",Bangalore,KARNATAKA
41535,Sas Tech E Waste Recycling Solutions,Recycler,Approved by CPCB Authority,Authorization,Plot No G 286 Road No 1 RIICO Industrial Area Ratangarh Churu,Churu,RAJASTHAN
9275,Sayma Ewaste solutions,Recycler,Approved by CPCB Authority,Authorization,"Factory addres  SR.NO.323,, URALI DEVACHI, URALI DEVACHI, Pune, Maharashtra, 412308 Pune Pune",Pune,MAHARASHTRA
124,Scape E Recycler Private Limited,Recycler,Approved by CPCB Authority,Authorization,"Plot 11-12, 17-18, 26-28 Chanakya Nagari Purna Parbhani",Parbhani,MAHARASHTRA
5193,Scope Recycling Private Limited,Recycler,Approved by CPCB Authority,Authorization,"GATA NO 109, BANIYA KHERA, TEHSILCHANDAUSI,, SAMBHAL,244412, SAMBHAL  Chandausi Sambhal",Sambhal,UTTAR PRADESH
8297,SEZ RECYCLING,Recycler,Approved by CPCB Authority,Authorization,"TP 7 4TH AVENUE, MAHINDRA WORLD CITY SEZ ZONE, CHENGALPATTU Chengalpet Kanchipuram",Kanchipuram,TAMIL NADU
59352,SHABBIR TRADERS,Recycler,Pending at applicant,Authorization,"Gala No P/16 S. No 121/1 AND 121/2,BALAJI INDUSTRIS PARK, TONDRE VILLAGE MIDC Taloja Road, BEHIND HINDALCO COMPANY, Taloja MIDC, Navi Mumbai, Raigad, Maharashtra, Navi Mumbai Raigarh(MH)",Raigarh(MH),MAHARASHTRA
43277,SHEELTRON DIGITAL SYSTEMS PRIVATE LIMITED,Recycler,Pending at applicant,Authorization,"Site No. 27, Maney Estate, Sy No121, Kumbalgodu Industrial Area Kumbalgudu Taluk, Bangalore Urban Bengaluru Bangalore",Bangalore,KARNATAKA
241,SHIVALIK SOLID WASTE MANAGEMENT LIMITED UNIT-2,Recycler,Approved by CPCB Authority,Authorization,Village upperla nangal Village upperla Nangal - Nalagarh SOLAN Solan,Solan,HIMACHAL PRADESH
167,Shiv Shakti Metals,Recycler,Approved by CPCB Authority,Authorization,"Khasra No 545, Sikheda Road, Vill-Phaphrana, Sikheda Road Industrial Area Modinagar Ghaziabad",Ghaziabad,UTTAR PRADESH
9479,Shiwshakti Metal Works,Recycler,Pending at applicant,Authorization,Vill - Jaladhulagori PO - Dhulagori PS - Sankrail Dist - Howrah Sankrail Howrah,Howrah,WEST BENGAL
1897809,Shreeram E Waste Recyclers And Traders,Recycler,Pending at applicant,Authorization,"KHARSAM, P.S HATHAURI, NEAR JANKI NAGAR CHOWK , KHARSAM, SAMASTIPUR, BIHAR, 847105  SAMASTIPUR Samastipur",Samastipur,BIHAR
2679387,SHRI RAAM RECYCLING,Recycler,Pending at applicant,Authorization,"952/21, GURUVARAJAKANDIGAI GUMMIDIPOONDI GUMMIDIPOONDI Tiruvallur",Tiruvallur,TAMIL NADU
218,shukla e-waste processor,Recycler,Approved by CPCB Authority,Authorization,H 309 B RIICO Industrial Area Bhiwadi Alwar,Alwar,RAJASTHAN
7945,SIDDHAVI TECH,Recycler,Pending at applicant,Authorization,NH 52 POLT NO A 58 B/H M I D C OFFICE OSMANABAD Osmanabad,Osmanabad,MAHARASHTRA
635620,Silicon Planet Recycling Private Limited,Recycler,Approved by CPCB Authority,Authorization,"Sy. No. 247 and 248, Thumkunta (V), Bommalaramaram (M Yadadri Bhuvanagiri District Hyderabad Nalgonda",Nalgonda,TELANGANA
7540,SK Enterprises,Recycler,Rejected By CPCB Authority,Authorization,"Plot No. 134/1, 183, Industrial Estate Pune Road, Kedgaon, Industrial Estate, Ahmednagar, ahmednagar Ahmed Nagar",Ahmed Nagar,MAHARASHTRA
7540,SK Enterprises,Recycler,Approved by CPCB Authority,Authorization,"Plot No. 134/1, 183, Industrial Estate Pune Road, Kedgaon, Industrial Estate, Ahmednagar, ahmednagar Ahmed Nagar",Ahmed Nagar,MAHARASHTRA
2396790,S K E WASTE DISPOSAL,Recycler,Approved by CPCB Authority,Authorization,"Gut No 679/2/3 Alandi Kuruli Road, Near Tower weigh Bridge Village Kuruli, Tal. Khed, Dist. Pune Pune Pune",Pune,MAHARASHTRA
215,Sky Green Waste Recycling Management,Recycler,Approved by CPCB Authority,Authorization,"Khasra No 51,53,54,66,20,21 VILLAGE PIPLIKHERA INDUSTRIAL AREA, HAPUR ROAD MEERUT Meerut",Meerut,UTTAR PRADESH
13760,SMASH RECYCLER PRIVATE LIMITED,Recycler,Approved by CPCB Authority,Authorization,"KHASRA NO. 265/3, 267/2, VILLAGE DHIKOLI, MEERUT, Meerut, Uttar Pradesh, 250002  Meerut Meerut",Meerut,UTTAR PRADESH
2743178,S N SUSTAINABLE RESOURCES PRIVATE LIMITED,Recycler,Approved by CPCB Authority,Authorization,"F-2 UPSIDA Industrial Area, Gopalpur Sikandrabad Bulandshahr",Bulandshahr,UTTAR PRADESH
9400,SOGO SYNERGY PRIVATE LIMITED,Recycler,Approved by CPCB Authority,Authorization,"SW-17B, Apparel Park-Phase II, Doddabellapura Industrial Area, Doddabellapura BANGALORE Bangalore Rural",Bangalore Rural,KARNATAKA
245,SONAL METACOP,Recycler,Approved by CPCB Authority,Authorization,"Sy no. 8/1, Plot no. 5,5/1, Kachohalli, Kachohalli Industrial Estate, Dasanapura Hobli, Laxmipura Post, Bengaluru Bangalore",Bangalore,KARNATAKA
1283515,SONI RECYCLE COMPABY,Recycler,Pending at applicant,Authorization,VPO SANWAR CHARKHI DADRI  BHIWANI Bhiwani,Bhiwani,HARYANA
255,SORIAAN RECYCLERS PRIVATE LIMITED,Recycler,Approved by CPCB Authority,Authorization,"Plot. No. 39 A and B , 2nd Phase, 2nd Sector, Bosch Road, Bidadi Industrial Area, Ramanagara Karnataka  ramanagara Ramanagar",Ramanagar,KARNATAKA
14131,SPRECO RECYCLING,Recycler,Pending at applicant,Authorization,"D-45, TEHSIL RAIKOT, INDUSTRIAL FOCAL POINT RAIKOT, LUDHIANA, PUNJAB, 142034 RAIKOT Ludhiana",Ludhiana,PUNJAB
239,Spreco Resource Recyclers,Recycler,Pending at applicant,Authorization,"Khasra No 235, Village Abdulpur Khekada, Baghpat, Baghpat Bagpat",Bagpat,UTTAR PRADESH
753495,SRI BALAJI,Recycler,Pending at applicant,Authorization,"ARAZI NO - 316/7, VIL-KATARIA PARGANA-RALHUPUR CHANDAULI Chandauli",Chandauli,UTTAR PRADESH
128,Star E Processors,Recycler,Approved by CPCB Authority,Authorization,"KH. NO. 1273, Pehchan No.-75/10/22, Mandir Hasaud, Arang, Raipur, Raipur Raipur",Raipur,CHHATTISGARH
15081,STAR RECYCLING,Recycler,Pending at applicant,Authorization,"R K Industrial Zone-09, Plot No.45, Kuwadva-Wankaner Road AT. Ranpur, Tal.Rajkot, Gujarat 360023 RAJKOT RAJKOT Rajkot",Rajkot,GUJARAT
14045,SUN E WASTE RECYCLING CO,Recycler,Pending at applicant,Authorization,"F-163, Kosi Kotwan Extension 1, KOSI KOTWAN, Kosi Kotwan, Mathura, Uttar Pradesh, 281403 Delhi Mathura Mathura",Mathura,UTTAR PRADESH
146,SUNGEEL INDIA RECYCLING PVT LTD,Recycler,Pending at applicant,Authorization,"PLOT NO 59C 59D GOLLAPURAM IP, HINDUPUR Hindupur Ananthapur",Ananthapur,ANDHRA PRADESH
5045,Suritex Private Limited,Recycler,Approved by CPCB Authority,Authorization,"Suritex Pvt Ltd , plot no B-111 , MIDC Industrial Area, Butibori Nagpur Nagpur",Nagpur,MAHARASHTRA
14374,S V Greentech Private Limited,Recycler,Approved by CPCB Authority,Authorization,"Gut No. 517/1 &amp; 529, AT-Kelthan Village, Vada Palghar Kelthan Palghar, Maharashtra - 401204 Mumbai Mumbai",Mumbai,MAHARASHTRA
60066,Swachh Bharat Recycling Company,Recycler,Approved by CPCB Authority,Authorization,KHASRA NO 43 ALIPUR MEERUT Meerut,Meerut,UTTAR PRADESH
48547,TARUNA E-WASTE INDUSTRIES,Recycler,Approved by CPCB Authority,Authorization,"Mahalakshmi Tent House, SEHORE, INDUSTRIAL AREA, Badiyakheri, Sehore, Sehore, Madhya Pradesh, 466001 Badiyakheri, Sehore, Sehore, Madhya Pradesh, 466001 Sehore Sehore",Sehore,MADHYA PRADESH
13622,TECHAZAR E-CYCLERS PRIVATE LIMITED,Recycler,Approved by CPCB Authority,Authorization,"SF No. 379/1B1, MOTHER INDIA INDUSTRIAL ESTATE, SEERAPALAYAM LINK ROAD, MADUKARAI,  Coimbatore Coimbatore",Coimbatore,TAMIL NADU
141,TechEco Waste Management LLP,Recycler,Approved by CPCB Authority,Authorization,"Gat No. 155/B/2, At Post Dhakambe Village Taluka Dindori, Nashik Nashik Nashik",Nashik,MAHARASHTRA
145,Technogreen Recycling Pvt. Ltd.,Recycler,Approved by CPCB Authority,Authorization,"SUR, No. 376,377, Sanand, Modasar Ahmedabad Ahmedabad",Ahmedabad,GUJARAT
286,TERRANOVA ECO MANAGEMENT PVT LTD,Recycler,Approved by CPCB Authority,Authorization,"Plot No.59/263/1/19/5, Ground , First and Second Floor , Survey No.19/5,19/8,19/9 and 19/11,NH4,Malaonagathihalli, T.Begur,Nelamangala, Bangaluru Bangalore Rural",Bangalore Rural,KARNATAKA
131,TES-AMM (INDIA) PRIVATE LIMITED,Recycler,Approved by CPCB Authority,Authorization,"A-18 SIPCOT Industrial Growth Center Panrutti A village Oragadam, Sriperumbudur Taluk, Kancheepuram District Oragadam Kanchipuram",Kanchipuram,TAMIL NADU
209,TES AMM (INDIA) PVT LTD,Recycler,Approved by CPCB Authority,Authorization,"No.8,Sy.No.118, Machohalli Village, Mookambika Temple Road, Magadi Main Road,  Bangaluru Bangalore",Bangalore,KARNATAKA
5690,THAPAR DISPOSAL INDUSTRIES,Recycler,Approved by CPCB Authority,Authorization,902-A/5/6 CHARA MANDI ROAD  AMBALA CITY Ambala,Ambala,HARYANA
76,Think Recycling Private Limited,Recycler,Approved by CPCB Authority,Authorization,B-77 KSSIDC INDUSTRIAL ESTATE BOMMASANDRA BENGALURU Bangalore,Bangalore,KARNATAKA
192,THRECO RECYCLING LLP,Recycler,Approved by CPCB Authority,Authorization,"Hissa no. 1, Plot 153 and 149, Hedavli Village, Khopoli Pali Road, Pali Raigarh(MH)",Raigarh(MH),MAHARASHTRA
2942804,Trader Traders,Recycler,Pending at CPCB,Authorization,"F 1294 E, Phase -I RIICO Industrial Area Bhiwadi Bhiwadi Alwar",Alwar,RAJASTHAN
9661,TRANS THANE CREEK WASTE MANAGEMENT ASSOCIATION,Recycler,Approved by CPCB Authority,Authorization,"Plot No-128, TTC Waste Management, TTC MIDC, Near L&amp;T Infotech, Mahape, Navi Mumbai Thane",Thane,MAHARASHTRA
9466,TRISHYIRAYA RECYCLING INDIA PRIVATE LIMITED,Recycler,Pending at applicant,Authorization,"SHED NO. 10, PLOT SW-51, APPAREL PARK INDUSTRIAL AREA BASHETTIHALLI, KASABA HOBLI, DODDABALLAPURA TALUK Bengaluru Bangalore Rural",Bangalore Rural,KARNATAKA
5282,Trivendent Technologies Pvt Ltd (Zolopik,Recycler,Approved by CPCB Authority,Authorization,"No 7A1, KIADB, INDUSTRY POWDER COATING, off Whitefield Road Kadugodi Industrial Area, Bengaluru, Bengaluru Urban Bengaluru Bangalore",Bangalore,KARNATAKA
108,UNICARE E WASTE RECYCLER,Recycler,Approved by CPCB Authority,Authorization,"Plot no 9/1, Raj industrial Park-lll Village-karchiya,Jarod-Savli-Highway,Ta: Savli District: Vadodara Vadodara",Vadodara,GUJARAT
289,Unique Eco Recycle,Recycler,Approved by CPCB Authority,Authorization,"Patwari Halka No 26, Survey No. 332/2/9 Nemawar Road, Palda Indore Indore",Indore,MADHYA PRADESH
8971,UNIQUE RECYCLING,Recycler,Pending at applicant,Authorization,Gat No 287  Nanekarwadi Tal Khed  Pune Pune,Pune,MAHARASHTRA
5544,UNIVERSAL POWER SOLUTIONS,Recycler,Approved by CPCB Authority,Authorization,"Khewat No. 120/113 Khatoni No. 148 Kh No 15, Killa No. 6/2/2, 3-10 Vill-Heerapur Sub-Tehsil- Mohna Ballabgarh, Ballabgarh, Faridabad, Haryana, 121004  FARIDABAD Faridabad",Faridabad,HARYANA
6507,Universal Waste Management,Recycler,Pending at applicant,Authorization,B-10 DPK Comp Khairani Rd Sakinaka Mumbai Mumbai,Mumbai,MAHARASHTRA
2803131,URBAN EDGE ENVIRONMENT PRIVATE LIMITED,Recycler,Approved by CPCB Authority,Authorization,"KHASRA NO 23, RUKANDDINPUR MISHRI URF PHAPHUNDA, HAPUR ROAD  MEERUT Meerut",Meerut,UTTAR PRADESH
154,URBAN METALS,Recycler,Pending at applicant,Authorization,E-2118 Ramchandrapura RIICO Industrial Area Sitapura Jaipur Sanganer Jaipur JAIPUR Jaipur,Jaipur,RAJASTHAN
254,USH INDIA RECYCLER PVT LTD,Recycler,Pending at applicant,Authorization,PLOT NO 4-5 BARUN INDUSTRY AREA ARUNGABAD BARUN Aurangabad(BH),Aurangabad(BH),BIHAR
173,VANS CHEMISTRY PVT LTD,Recycler,Approved by CPCB Authority,Authorization,"94/5, 13 &amp;14, SSR Layout, Kannahalli, Seegehalli, Magadi Road Bangalore Bangalore",Bangalore,KARNATAKA
2826170,VIABLE E-WASTE RECYCLER PRIVATE LIMITED,Recycler,Pending at applicant,Authorization,"Structure Plot no. K-38, Situated At Village Begrajpur Industrial Area Tehsil Khatauli MZN Khanupur Muzaffarnagar",Muzaffarnagar,UTTAR PRADESH
229,VICTORY RECOVERY RECYCLE TECHNOLOGIES INDIA PRIVATE LIMITED,Recycler,Pending at applicant,Authorization,"1, DOUBLE DRAGON INDUSTRIAL PARK, KANNUR POST,KOTTAIYUR TIRUVALLUR Tiruvallur",Tiruvallur,TAMIL NADU
115,VIROGREEN INDIA PRIVATE LIMITED,Recycler,Approved by CPCB Authority,Authorization,"S.NO.297/1B-2, NO.49, PAPPANKUPPAM VILLAGE S.R.KANDIGAI ROAD GUMMIDIPOONDI Tiruvallur",Tiruvallur,TAMIL NADU
21680,Vorgoo Recycling Private Limited,Recycler,Approved by CPCB Authority,Authorization,Plot No 214 sector 3 IMT Bawal Bawal Rewari Bawal Rewari,Rewari,HARYANA
8932,VOZON COMSOF PVT LTD,Recycler,Approved by CPCB Authority,Authorization,Survye No 19/9 Buchade wasti Near Indira Collage Road Marunjji Tal Mulshi dist  pune Pune Pune,Pune,MAHARASHTRA
199,WASTE PRO RECYCLING,Recycler,Approved by CPCB Authority,Authorization,"Khasra No 35 and 36, udayrampur Nangla DHAULANA Hapur Hapur",Hapur,UTTAR PRADESH
5325,WASTE RECYCLING STUDIO,Recycler,Approved by CPCB Authority,Authorization,"Plot No-347 ,Sector-3 ,Phase-2 IMT Bawal ,Rewari , Haryana, 123501 Bawal Rewari",Rewari,HARYANA
156,Wastetech Recycling Company,Recycler,Approved by CPCB Authority,Authorization,"HD-7, UPSIDC INDUSTRIAL AREA, SIKANDRABAD, Bulandshahar Bulandshahr",Bulandshahr,UTTAR PRADESH
7632,WB E Waste Control Management Pvt Ltd   ,Recycler,Approved by CPCB Authority,Authorization,173/205 Maheshrekha Kulgachia Tulsiberia Road Tulsigram Panchayat (Near Mahindra Howrah Howrah,Howrah,WEST BENGAL
105,WEEE PRO RESOURCE RECOVERY SOLUTIONS PRIVATE LIMITED,Recycler,Approved by CPCB Authority,Authorization,"Plot No. F-39, Industrial Area Sikandrabad, Gopalpur, Bulandshahr Sikandrabad Bulandshahr",Bulandshahr,UTTAR PRADESH
234,WEEE-PRO RESOURCE RECOVERY SOLUTIONS PRIVATE LIMITED,Recycler,Approved by CPCB Authority,Authorization,"E-24 INDUSTRIAL AREA, SIKANDRABAD Sikandrabad Bulandshahr",Bulandshahr,UTTAR PRADESH
5848,WESTERN RECYCLER,Recycler,Approved by CPCB Authority,Authorization,"PLOT NO 633,SURVEY NO 8-2 SHILPHATA PANVEL ROAD,AT POST DAHISER,DIST THANE AT POST DAHISER Thane",Thane,MAHARASHTRA
130,WE THE RECYCLING COMPANY,Recycler,Approved by CPCB Authority,Authorization,H.No 2212 Ambika City Road Borpada Bhiwandi  Bhiwandi Thane,Thane,MAHARASHTRA
9620,WORLD WIDE RECYCLERS,Recycler,Approved by CPCB Authority,Authorization,KHASRA NO 745 HAPUR ROAD ALLIPUR JIJMANA INDUSTRIAL AREA MEERUT Meerut,Meerut,UTTAR PRADESH
2565158,ZASHA ELECTROWASTE RECYCLING PVT LTD,Recycler,Pending at CPCB,Authorization,"SECTOR-3, 208, SHATABDI NAGAR, DELHI ROAD, MEERUT, UTTAR PRADESH  MEERUT Meerut",Meerut,UTTAR PRADESH
103,Z Enviro Industries Pvt. Ltd.,Recycler,Approved by CPCB Authority,Authorization,"Plot No. 106 &amp; 107, Pulimamidi Village Kandukur Mandal Ranga Reddy District K.V.Rangareddy",K.V.Rangareddy,TELANGANA
